slice,baseline,phenomenon,kind,n,value,missed_or_fp,low_support
full,exact-match-nfkc,corruption:mixed-script-homoglyph,recall,52,0.0,52,False
full,exact-match-nfkc,gender:feminine-form,recall,1,0.0,1,True
full,exact-match-nfkc,gender:stripped,recall,1,0.0,1,True
full,exact-match-nfkc,given:diminutive,recall,1,0.0,1,True
full,exact-match-nfkc,given:exonym,recall,21,0.0,21,False
full,exact-match-nfkc,kazakh:cyrillic-latin,recall,157,0.0,157,False
full,exact-match-nfkc,legal-form,recall,530,0.0,530,False
full,exact-match-nfkc,order:swapped,recall,24,0.0,24,False
full,exact-match-nfkc,patronymic:abbreviated,recall,139,0.0,139,False
full,exact-match-nfkc,patronymic:dropped,recall,353,0.0,353,False
full,exact-match-nfkc,patronymic:form-substituted,recall,105,0.0,105,False
full,exact-match-nfkc,patronymic:russified,recall,846,0.0,846,False
full,exact-match-nfkc,patronymic:turkic,recall,131,0.0,131,False
full,exact-match-nfkc,romanisation:ad-hoc,recall,582,0.0,582,False
full,exact-match-nfkc,romanisation:ala-lc,recall,16,0.0,16,False
full,exact-match-nfkc,romanisation:be-bgn,recall,29,0.0,29,False
full,exact-match-nfkc,romanisation:be-latin-ascii,recall,21,0.0,21,False
full,exact-match-nfkc,romanisation:bgn,recall,366,0.0,366,False
full,exact-match-nfkc,romanisation:diacritics-stripped,recall,150,0.0,150,False
full,exact-match-nfkc,romanisation:gost-b,recall,21,0.0,21,False
full,exact-match-nfkc,romanisation:icao,recall,128,0.0,128,False
full,exact-match-nfkc,romanisation:iso9,recall,51,0.0,51,False
full,exact-match-nfkc,romanisation:kk-latin2021,recall,5,0.0,5,True
full,exact-match-nfkc,romanisation:ru-mediated,recall,95,0.0,95,False
full,exact-match-nfkc,romanisation:scholarly,recall,19,0.0,19,False
full,exact-match-nfkc,romanisation:tg-bgn,recall,31,0.0,31,False
full,exact-match-nfkc,romanisation:uk-kmu55,recall,63,0.0,63,False
full,exact-match-nfkc,romanisation:unattributed-variant,recall,550,0.0,550,False
full,exact-match-nfkc,romanisation:uz-latin1995,recall,121,0.0,121,False
full,exact-match-nfkc,script:same,recall,550,0.0,550,False
full,exact-match-nfkc,synthetic,recall,745,0.0,745,False
full,exact-match-nfkc,token:abbreviated,recall,5,0.0,5,True
full,exact-match-nfkc,token:dropped,recall,633,0.0,633,False
full,exact-match-nfkc,token:unaligned,recall,383,0.0,383,False
full,exact-match-nfkc,uzbek:apostrophe,recall,83,0.0,83,False
full,exact-match-nfkc,gender:feminine-form,fpr,380,0.0,0,False
full,exact-match-nfkc,negative:easy,fpr,700,0.0,0,False
full,exact-match-nfkc,negative:gender-pair,fpr,380,0.0,0,False
full,exact-match-nfkc,negative:patronymic-collision,fpr,166,0.0,0,False
full,exact-match-nfkc,negative:romanisation-collision,fpr,341,0.0,0,False
full,exact-match-nfkc,negative:same-surname,fpr,650,0.0,0,False
full,exact-match-nfkc,negative:similar-string,fpr,1365,0.0,0,False
full,exact-match-nfkc,patronymic:russified,fpr,166,0.0,0,False
full,jaro-winkler-raw,corruption:mixed-script-homoglyph,recall,52,0.8462,8,False
full,jaro-winkler-raw,gender:feminine-form,recall,1,1.0,0,True
full,jaro-winkler-raw,gender:stripped,recall,1,1.0,0,True
full,jaro-winkler-raw,given:diminutive,recall,1,0.0,1,True
full,jaro-winkler-raw,given:exonym,recall,21,0.0,21,False
full,jaro-winkler-raw,kazakh:cyrillic-latin,recall,157,0.0,157,False
full,jaro-winkler-raw,legal-form,recall,530,0.5472,240,False
full,jaro-winkler-raw,order:swapped,recall,24,0.0,24,False
full,jaro-winkler-raw,patronymic:abbreviated,recall,139,0.0216,136,False
full,jaro-winkler-raw,patronymic:dropped,recall,353,0.2323,271,False
full,jaro-winkler-raw,patronymic:form-substituted,recall,105,0.0,105,False
full,jaro-winkler-raw,patronymic:russified,recall,846,0.26,626,False
full,jaro-winkler-raw,patronymic:turkic,recall,131,0.0,131,False
full,jaro-winkler-raw,romanisation:ad-hoc,recall,582,0.0412,558,False
full,jaro-winkler-raw,romanisation:ala-lc,recall,16,0.0,16,False
full,jaro-winkler-raw,romanisation:be-bgn,recall,29,0.0,29,False
full,jaro-winkler-raw,romanisation:be-latin-ascii,recall,21,0.0,21,False
full,jaro-winkler-raw,romanisation:bgn,recall,366,0.0847,335,False
full,jaro-winkler-raw,romanisation:diacritics-stripped,recall,150,0.0,150,False
full,jaro-winkler-raw,romanisation:gost-b,recall,21,0.0476,20,False
full,jaro-winkler-raw,romanisation:icao,recall,128,0.0547,121,False
full,jaro-winkler-raw,romanisation:iso9,recall,51,0.0196,50,False
full,jaro-winkler-raw,romanisation:kk-latin2021,recall,5,0.0,5,True
full,jaro-winkler-raw,romanisation:ru-mediated,recall,95,0.0,95,False
full,jaro-winkler-raw,romanisation:scholarly,recall,19,0.0,19,False
full,jaro-winkler-raw,romanisation:tg-bgn,recall,31,0.0,31,False
full,jaro-winkler-raw,romanisation:uk-kmu55,recall,63,0.0,63,False
full,jaro-winkler-raw,romanisation:unattributed-variant,recall,550,1.0,0,False
full,jaro-winkler-raw,romanisation:uz-latin1995,recall,121,0.0413,116,False
full,jaro-winkler-raw,script:same,recall,550,1.0,0,False
full,jaro-winkler-raw,synthetic,recall,745,0.0094,738,False
full,jaro-winkler-raw,token:abbreviated,recall,5,0.0,5,True
full,jaro-winkler-raw,token:dropped,recall,633,0.4692,336,False
full,jaro-winkler-raw,token:unaligned,recall,383,0.1201,337,False
full,jaro-winkler-raw,uzbek:apostrophe,recall,83,0.0482,79,False
full,jaro-winkler-raw,gender:feminine-form,fpr,380,0.0,0,False
full,jaro-winkler-raw,negative:easy,fpr,700,0.0,0,False
full,jaro-winkler-raw,negative:gender-pair,fpr,380,0.0,0,False
full,jaro-winkler-raw,negative:patronymic-collision,fpr,166,0.0,0,False
full,jaro-winkler-raw,negative:romanisation-collision,fpr,341,0.0,0,False
full,jaro-winkler-raw,negative:same-surname,fpr,650,0.0,0,False
full,jaro-winkler-raw,negative:similar-string,fpr,1365,0.0,0,False
full,jaro-winkler-raw,patronymic:russified,fpr,166,0.0,0,False
full,levenshtein-raw,corruption:mixed-script-homoglyph,recall,52,0.8654,7,False
full,levenshtein-raw,gender:feminine-form,recall,1,1.0,0,True
full,levenshtein-raw,gender:stripped,recall,1,1.0,0,True
full,levenshtein-raw,given:diminutive,recall,1,0.0,1,True
full,levenshtein-raw,given:exonym,recall,21,0.0,21,False
full,levenshtein-raw,kazakh:cyrillic-latin,recall,157,0.0,157,False
full,levenshtein-raw,legal-form,recall,530,0.5491,239,False
full,levenshtein-raw,order:swapped,recall,24,0.0,24,False
full,levenshtein-raw,patronymic:abbreviated,recall,139,0.0216,136,False
full,levenshtein-raw,patronymic:dropped,recall,353,0.2323,271,False
full,levenshtein-raw,patronymic:form-substituted,recall,105,0.0,105,False
full,levenshtein-raw,patronymic:russified,recall,846,0.26,626,False
full,levenshtein-raw,patronymic:turkic,recall,131,0.0,131,False
full,levenshtein-raw,romanisation:ad-hoc,recall,582,0.0395,559,False
full,levenshtein-raw,romanisation:ala-lc,recall,16,0.0,16,False
full,levenshtein-raw,romanisation:be-bgn,recall,29,0.0,29,False
full,levenshtein-raw,romanisation:be-latin-ascii,recall,21,0.0,21,False
full,levenshtein-raw,romanisation:bgn,recall,366,0.0874,334,False
full,levenshtein-raw,romanisation:diacritics-stripped,recall,150,0.0,150,False
full,levenshtein-raw,romanisation:gost-b,recall,21,0.0476,20,False
full,levenshtein-raw,romanisation:icao,recall,128,0.0547,121,False
full,levenshtein-raw,romanisation:iso9,recall,51,0.0196,50,False
full,levenshtein-raw,romanisation:kk-latin2021,recall,5,0.0,5,True
full,levenshtein-raw,romanisation:ru-mediated,recall,95,0.0,95,False
full,levenshtein-raw,romanisation:scholarly,recall,19,0.0,19,False
full,levenshtein-raw,romanisation:tg-bgn,recall,31,0.0,31,False
full,levenshtein-raw,romanisation:uk-kmu55,recall,63,0.0,63,False
full,levenshtein-raw,romanisation:unattributed-variant,recall,550,1.0,0,False
full,levenshtein-raw,romanisation:uz-latin1995,recall,121,0.0413,116,False
full,levenshtein-raw,script:same,recall,550,1.0,0,False
full,levenshtein-raw,synthetic,recall,745,0.0094,738,False
full,levenshtein-raw,token:abbreviated,recall,5,0.0,5,True
full,levenshtein-raw,token:dropped,recall,633,0.4708,335,False
full,levenshtein-raw,token:unaligned,recall,383,0.1227,336,False
full,levenshtein-raw,uzbek:apostrophe,recall,83,0.0482,79,False
full,levenshtein-raw,gender:feminine-form,fpr,380,0.0,0,False
full,levenshtein-raw,negative:easy,fpr,700,0.0,0,False
full,levenshtein-raw,negative:gender-pair,fpr,380,0.0,0,False
full,levenshtein-raw,negative:patronymic-collision,fpr,166,0.0,0,False
full,levenshtein-raw,negative:romanisation-collision,fpr,341,0.0,0,False
full,levenshtein-raw,negative:same-surname,fpr,650,0.0,0,False
full,levenshtein-raw,negative:similar-string,fpr,1365,0.0,0,False
full,levenshtein-raw,patronymic:russified,fpr,166,0.0,0,False
full,icu-cyrl-latn+jaro-winkler,corruption:mixed-script-homoglyph,recall,52,0.0577,49,False
full,icu-cyrl-latn+jaro-winkler,gender:feminine-form,recall,1,0.0,1,True
full,icu-cyrl-latn+jaro-winkler,gender:stripped,recall,1,0.0,1,True
full,icu-cyrl-latn+jaro-winkler,given:diminutive,recall,1,0.0,1,True
full,icu-cyrl-latn+jaro-winkler,given:exonym,recall,21,0.381,13,False
full,icu-cyrl-latn+jaro-winkler,kazakh:cyrillic-latin,recall,157,0.3121,108,False
full,icu-cyrl-latn+jaro-winkler,legal-form,recall,530,0.0604,498,False
full,icu-cyrl-latn+jaro-winkler,order:swapped,recall,24,0.25,18,False
full,icu-cyrl-latn+jaro-winkler,patronymic:abbreviated,recall,139,0.0072,138,False
full,icu-cyrl-latn+jaro-winkler,patronymic:dropped,recall,353,0.0,353,False
full,icu-cyrl-latn+jaro-winkler,patronymic:form-substituted,recall,105,0.3429,69,False
full,icu-cyrl-latn+jaro-winkler,patronymic:russified,recall,846,0.3771,527,False
full,icu-cyrl-latn+jaro-winkler,patronymic:turkic,recall,131,0.0534,124,False
full,icu-cyrl-latn+jaro-winkler,romanisation:ad-hoc,recall,582,0.2749,422,False
full,icu-cyrl-latn+jaro-winkler,romanisation:ala-lc,recall,16,0.875,2,False
full,icu-cyrl-latn+jaro-winkler,romanisation:be-bgn,recall,29,0.0345,28,False
full,icu-cyrl-latn+jaro-winkler,romanisation:be-latin-ascii,recall,21,0.1429,18,False
full,icu-cyrl-latn+jaro-winkler,romanisation:bgn,recall,366,0.4153,214,False
full,icu-cyrl-latn+jaro-winkler,romanisation:diacritics-stripped,recall,150,0.58,63,False
full,icu-cyrl-latn+jaro-winkler,romanisation:gost-b,recall,21,0.8095,4,False
full,icu-cyrl-latn+jaro-winkler,romanisation:icao,recall,128,0.4531,70,False
full,icu-cyrl-latn+jaro-winkler,romanisation:iso9,recall,51,0.9412,3,False
full,icu-cyrl-latn+jaro-winkler,romanisation:kk-latin2021,recall,5,0.0,5,True
full,icu-cyrl-latn+jaro-winkler,romanisation:ru-mediated,recall,95,0.3158,65,False
full,icu-cyrl-latn+jaro-winkler,romanisation:scholarly,recall,19,0.9474,1,False
full,icu-cyrl-latn+jaro-winkler,romanisation:tg-bgn,recall,31,0.6129,12,False
full,icu-cyrl-latn+jaro-winkler,romanisation:uk-kmu55,recall,63,0.1429,54,False
full,icu-cyrl-latn+jaro-winkler,romanisation:unattributed-variant,recall,550,0.26,407,False
full,icu-cyrl-latn+jaro-winkler,romanisation:uz-latin1995,recall,121,0.562,53,False
full,icu-cyrl-latn+jaro-winkler,script:same,recall,550,0.26,407,False
full,icu-cyrl-latn+jaro-winkler,synthetic,recall,745,0.5101,365,False
full,icu-cyrl-latn+jaro-winkler,token:abbreviated,recall,5,0.0,5,True
full,icu-cyrl-latn+jaro-winkler,token:dropped,recall,633,0.0032,631,False
full,icu-cyrl-latn+jaro-winkler,token:unaligned,recall,383,0.0052,381,False
full,icu-cyrl-latn+jaro-winkler,uzbek:apostrophe,recall,83,0.3976,50,False
full,icu-cyrl-latn+jaro-winkler,gender:feminine-form,fpr,380,0.0,0,False
full,icu-cyrl-latn+jaro-winkler,negative:easy,fpr,700,0.0,0,False
full,icu-cyrl-latn+jaro-winkler,negative:gender-pair,fpr,380,0.0,0,False
full,icu-cyrl-latn+jaro-winkler,negative:patronymic-collision,fpr,166,0.0,0,False
full,icu-cyrl-latn+jaro-winkler,negative:romanisation-collision,fpr,341,0.0,0,False
full,icu-cyrl-latn+jaro-winkler,negative:same-surname,fpr,650,0.0,0,False
full,icu-cyrl-latn+jaro-winkler,negative:similar-string,fpr,1365,0.019,26,False
full,icu-cyrl-latn+jaro-winkler,patronymic:russified,fpr,166,0.0,0,False
full,icu-any-latin-ascii+jaro-winkler,corruption:mixed-script-homoglyph,recall,52,0.1154,46,False
full,icu-any-latin-ascii+jaro-winkler,gender:feminine-form,recall,1,0.0,1,True
full,icu-any-latin-ascii+jaro-winkler,gender:stripped,recall,1,0.0,1,True
full,icu-any-latin-ascii+jaro-winkler,given:diminutive,recall,1,0.0,1,True
full,icu-any-latin-ascii+jaro-winkler,given:exonym,recall,21,0.5238,10,False
full,icu-any-latin-ascii+jaro-winkler,kazakh:cyrillic-latin,recall,157,0.465,84,False
full,icu-any-latin-ascii+jaro-winkler,legal-form,recall,530,0.0566,500,False
full,icu-any-latin-ascii+jaro-winkler,order:swapped,recall,24,0.4167,14,False
full,icu-any-latin-ascii+jaro-winkler,patronymic:abbreviated,recall,139,0.0072,138,False
full,icu-any-latin-ascii+jaro-winkler,patronymic:dropped,recall,353,0.0,353,False
full,icu-any-latin-ascii+jaro-winkler,patronymic:form-substituted,recall,105,0.4,63,False
full,icu-any-latin-ascii+jaro-winkler,patronymic:russified,recall,846,0.4054,503,False
full,icu-any-latin-ascii+jaro-winkler,patronymic:turkic,recall,131,0.0687,122,False
full,icu-any-latin-ascii+jaro-winkler,romanisation:ad-hoc,recall,582,0.3488,379,False
full,icu-any-latin-ascii+jaro-winkler,romanisation:ala-lc,recall,16,0.875,2,False
full,icu-any-latin-ascii+jaro-winkler,romanisation:be-bgn,recall,29,0.4483,16,False
full,icu-any-latin-ascii+jaro-winkler,romanisation:be-latin-ascii,recall,21,0.5714,9,False
full,icu-any-latin-ascii+jaro-winkler,romanisation:bgn,recall,366,0.4699,194,False
full,icu-any-latin-ascii+jaro-winkler,romanisation:diacritics-stripped,recall,150,0.7733,34,False
full,icu-any-latin-ascii+jaro-winkler,romanisation:gost-b,recall,21,0.9048,2,False
full,icu-any-latin-ascii+jaro-winkler,romanisation:icao,recall,128,0.5,64,False
full,icu-any-latin-ascii+jaro-winkler,romanisation:iso9,recall,51,0.9608,2,False
full,icu-any-latin-ascii+jaro-winkler,romanisation:kk-latin2021,recall,5,0.0,5,True
full,icu-any-latin-ascii+jaro-winkler,romanisation:ru-mediated,recall,95,0.5684,41,False
full,icu-any-latin-ascii+jaro-winkler,romanisation:scholarly,recall,19,1.0,0,False
full,icu-any-latin-ascii+jaro-winkler,romanisation:tg-bgn,recall,31,0.8387,5,False
full,icu-any-latin-ascii+jaro-winkler,romanisation:uk-kmu55,recall,63,0.2698,46,False
full,icu-any-latin-ascii+jaro-winkler,romanisation:unattributed-variant,recall,550,0.2345,421,False
full,icu-any-latin-ascii+jaro-winkler,romanisation:uz-latin1995,recall,121,0.4876,62,False
full,icu-any-latin-ascii+jaro-winkler,script:same,recall,550,0.2345,421,False
full,icu-any-latin-ascii+jaro-winkler,synthetic,recall,745,0.6215,282,False
full,icu-any-latin-ascii+jaro-winkler,token:abbreviated,recall,5,0.0,5,True
full,icu-any-latin-ascii+jaro-winkler,token:dropped,recall,633,0.0016,632,False
full,icu-any-latin-ascii+jaro-winkler,token:unaligned,recall,383,0.0026,382,False
full,icu-any-latin-ascii+jaro-winkler,uzbek:apostrophe,recall,83,0.2771,60,False
full,icu-any-latin-ascii+jaro-winkler,gender:feminine-form,fpr,380,0.0,0,False
full,icu-any-latin-ascii+jaro-winkler,negative:easy,fpr,700,0.0,0,False
full,icu-any-latin-ascii+jaro-winkler,negative:gender-pair,fpr,380,0.0,0,False
full,icu-any-latin-ascii+jaro-winkler,negative:patronymic-collision,fpr,166,0.0,0,False
full,icu-any-latin-ascii+jaro-winkler,negative:romanisation-collision,fpr,341,0.0,0,False
full,icu-any-latin-ascii+jaro-winkler,negative:same-surname,fpr,650,0.0,0,False
full,icu-any-latin-ascii+jaro-winkler,negative:similar-string,fpr,1365,0.0168,23,False
full,icu-any-latin-ascii+jaro-winkler,patronymic:russified,fpr,166,0.0,0,False
full,icu-any-latin-ascii+levenshtein,corruption:mixed-script-homoglyph,recall,52,0.0769,48,False
full,icu-any-latin-ascii+levenshtein,gender:feminine-form,recall,1,0.0,1,True
full,icu-any-latin-ascii+levenshtein,gender:stripped,recall,1,0.0,1,True
full,icu-any-latin-ascii+levenshtein,given:diminutive,recall,1,0.0,1,True
full,icu-any-latin-ascii+levenshtein,given:exonym,recall,21,0.2381,16,False
full,icu-any-latin-ascii+levenshtein,kazakh:cyrillic-latin,recall,157,0.4904,80,False
full,icu-any-latin-ascii+levenshtein,legal-form,recall,530,0.0547,501,False
full,icu-any-latin-ascii+levenshtein,order:swapped,recall,24,0.2917,17,False
full,icu-any-latin-ascii+levenshtein,patronymic:abbreviated,recall,139,0.0072,138,False
full,icu-any-latin-ascii+levenshtein,patronymic:dropped,recall,353,0.0,353,False
full,icu-any-latin-ascii+levenshtein,patronymic:form-substituted,recall,105,0.4286,60,False
full,icu-any-latin-ascii+levenshtein,patronymic:russified,recall,846,0.3842,521,False
full,icu-any-latin-ascii+levenshtein,patronymic:turkic,recall,131,0.084,120,False
full,icu-any-latin-ascii+levenshtein,romanisation:ad-hoc,recall,582,0.3007,407,False
full,icu-any-latin-ascii+levenshtein,romanisation:ala-lc,recall,16,0.875,2,False
full,icu-any-latin-ascii+levenshtein,romanisation:be-bgn,recall,29,0.3103,20,False
full,icu-any-latin-ascii+levenshtein,romanisation:be-latin-ascii,recall,21,0.5714,9,False
full,icu-any-latin-ascii+levenshtein,romanisation:bgn,recall,366,0.4645,196,False
full,icu-any-latin-ascii+levenshtein,romanisation:diacritics-stripped,recall,150,0.8067,29,False
full,icu-any-latin-ascii+levenshtein,romanisation:gost-b,recall,21,0.9048,2,False
full,icu-any-latin-ascii+levenshtein,romanisation:icao,recall,128,0.4922,65,False
full,icu-any-latin-ascii+levenshtein,romanisation:iso9,recall,51,0.9608,2,False
full,icu-any-latin-ascii+levenshtein,romanisation:kk-latin2021,recall,5,0.0,5,True
full,icu-any-latin-ascii+levenshtein,romanisation:ru-mediated,recall,95,0.5895,39,False
full,icu-any-latin-ascii+levenshtein,romanisation:scholarly,recall,19,1.0,0,False
full,icu-any-latin-ascii+levenshtein,romanisation:tg-bgn,recall,31,0.8387,5,False
full,icu-any-latin-ascii+levenshtein,romanisation:uk-kmu55,recall,63,0.2857,45,False
full,icu-any-latin-ascii+levenshtein,romanisation:unattributed-variant,recall,550,0.2309,423,False
full,icu-any-latin-ascii+levenshtein,romanisation:uz-latin1995,recall,121,0.5868,50,False
full,icu-any-latin-ascii+levenshtein,script:same,recall,550,0.2309,423,False
full,icu-any-latin-ascii+levenshtein,synthetic,recall,745,0.6483,262,False
full,icu-any-latin-ascii+levenshtein,token:abbreviated,recall,5,0.0,5,True
full,icu-any-latin-ascii+levenshtein,token:dropped,recall,633,0.0047,630,False
full,icu-any-latin-ascii+levenshtein,token:unaligned,recall,383,0.0026,382,False
full,icu-any-latin-ascii+levenshtein,uzbek:apostrophe,recall,83,0.4578,45,False
full,icu-any-latin-ascii+levenshtein,gender:feminine-form,fpr,380,0.0,0,False
full,icu-any-latin-ascii+levenshtein,negative:easy,fpr,700,0.0,0,False
full,icu-any-latin-ascii+levenshtein,negative:gender-pair,fpr,380,0.0,0,False
full,icu-any-latin-ascii+levenshtein,negative:patronymic-collision,fpr,166,0.0,0,False
full,icu-any-latin-ascii+levenshtein,negative:romanisation-collision,fpr,341,0.0,0,False
full,icu-any-latin-ascii+levenshtein,negative:same-surname,fpr,650,0.0,0,False
full,icu-any-latin-ascii+levenshtein,negative:similar-string,fpr,1365,0.0183,25,False
full,icu-any-latin-ascii+levenshtein,patronymic:russified,fpr,166,0.0,0,False
full,icu+soundex,corruption:mixed-script-homoglyph,recall,52,0.1154,46,False
full,icu+soundex,gender:feminine-form,recall,1,0.0,1,True
full,icu+soundex,gender:stripped,recall,1,0.0,1,True
full,icu+soundex,given:diminutive,recall,1,0.0,1,True
full,icu+soundex,given:exonym,recall,21,0.4286,12,False
full,icu+soundex,kazakh:cyrillic-latin,recall,157,0.3376,104,False
full,icu+soundex,legal-form,recall,530,0.0547,501,False
full,icu+soundex,order:swapped,recall,24,0.25,18,False
full,icu+soundex,patronymic:abbreviated,recall,139,0.0072,138,False
full,icu+soundex,patronymic:dropped,recall,353,0.017,347,False
full,icu+soundex,patronymic:form-substituted,recall,105,0.2857,75,False
full,icu+soundex,patronymic:russified,recall,846,0.279,610,False
full,icu+soundex,patronymic:turkic,recall,131,0.0687,122,False
full,icu+soundex,romanisation:ad-hoc,recall,582,0.232,447,False
full,icu+soundex,romanisation:ala-lc,recall,16,0.6875,5,False
full,icu+soundex,romanisation:be-bgn,recall,29,0.2414,22,False
full,icu+soundex,romanisation:be-latin-ascii,recall,21,0.3333,14,False
full,icu+soundex,romanisation:bgn,recall,366,0.2951,258,False
full,icu+soundex,romanisation:diacritics-stripped,recall,150,0.5733,64,False
full,icu+soundex,romanisation:gost-b,recall,21,0.7619,5,False
full,icu+soundex,romanisation:icao,recall,128,0.3203,87,False
full,icu+soundex,romanisation:iso9,recall,51,0.9608,2,False
full,icu+soundex,romanisation:kk-latin2021,recall,5,0.0,5,True
full,icu+soundex,romanisation:ru-mediated,recall,95,0.4526,52,False
full,icu+soundex,romanisation:scholarly,recall,19,0.5263,9,False
full,icu+soundex,romanisation:tg-bgn,recall,31,0.3871,19,False
full,icu+soundex,romanisation:uk-kmu55,recall,63,0.1587,53,False
full,icu+soundex,romanisation:unattributed-variant,recall,550,0.2218,428,False
full,icu+soundex,romanisation:uz-latin1995,recall,121,0.4876,62,False
full,icu+soundex,script:same,recall,550,0.2218,428,False
full,icu+soundex,synthetic,recall,745,0.4752,391,False
full,icu+soundex,token:abbreviated,recall,5,0.0,5,True
full,icu+soundex,token:dropped,recall,633,0.0221,619,False
full,icu+soundex,token:unaligned,recall,383,0.0131,378,False
full,icu+soundex,uzbek:apostrophe,recall,83,0.4578,45,False
full,icu+soundex,gender:feminine-form,fpr,380,0.0,0,False
full,icu+soundex,negative:easy,fpr,700,0.0,0,False
full,icu+soundex,negative:gender-pair,fpr,380,0.0,0,False
full,icu+soundex,negative:patronymic-collision,fpr,166,0.0,0,False
full,icu+soundex,negative:romanisation-collision,fpr,341,0.0,0,False
full,icu+soundex,negative:same-surname,fpr,650,0.0031,2,False
full,icu+soundex,negative:similar-string,fpr,1365,0.0073,10,False
full,icu+soundex,patronymic:russified,fpr,166,0.0,0,False
full,icu+double-metaphone,corruption:mixed-script-homoglyph,recall,52,0.1538,44,False
full,icu+double-metaphone,gender:feminine-form,recall,1,0.0,1,True
full,icu+double-metaphone,gender:stripped,recall,1,0.0,1,True
full,icu+double-metaphone,given:diminutive,recall,1,0.0,1,True
full,icu+double-metaphone,given:exonym,recall,21,0.381,13,False
full,icu+double-metaphone,kazakh:cyrillic-latin,recall,157,0.4777,82,False
full,icu+double-metaphone,legal-form,recall,530,0.1717,439,False
full,icu+double-metaphone,order:swapped,recall,24,0.4583,13,False
full,icu+double-metaphone,patronymic:abbreviated,recall,139,0.2518,104,False
full,icu+double-metaphone,patronymic:dropped,recall,353,0.4419,197,False
full,icu+double-metaphone,patronymic:form-substituted,recall,105,0.219,82,False
full,icu+double-metaphone,patronymic:russified,recall,846,0.4409,473,False
full,icu+double-metaphone,patronymic:turkic,recall,131,0.3359,87,False
full,icu+double-metaphone,romanisation:ad-hoc,recall,582,0.2216,453,False
full,icu+double-metaphone,romanisation:ala-lc,recall,16,0.3125,11,False
full,icu+double-metaphone,romanisation:be-bgn,recall,29,0.2759,21,False
full,icu+double-metaphone,romanisation:be-latin-ascii,recall,21,0.3333,14,False
full,icu+double-metaphone,romanisation:bgn,recall,366,0.306,254,False
full,icu+double-metaphone,romanisation:diacritics-stripped,recall,150,0.76,36,False
full,icu+double-metaphone,romanisation:gost-b,recall,21,0.7143,6,False
full,icu+double-metaphone,romanisation:icao,recall,128,0.3438,84,False
full,icu+double-metaphone,romanisation:iso9,recall,51,0.9608,2,False
full,icu+double-metaphone,romanisation:kk-latin2021,recall,5,0.6,2,True
full,icu+double-metaphone,romanisation:ru-mediated,recall,95,0.3684,60,False
full,icu+double-metaphone,romanisation:scholarly,recall,19,0.8947,2,False
full,icu+double-metaphone,romanisation:tg-bgn,recall,31,0.4194,18,False
full,icu+double-metaphone,romanisation:uk-kmu55,recall,63,0.3333,42,False
full,icu+double-metaphone,romanisation:unattributed-variant,recall,550,0.4727,290,False
full,icu+double-metaphone,romanisation:uz-latin1995,recall,121,0.3388,80,False
full,icu+double-metaphone,script:same,recall,550,0.4727,290,False
full,icu+double-metaphone,synthetic,recall,745,0.4779,389,False
full,icu+double-metaphone,token:abbreviated,recall,5,0.0,5,True
full,icu+double-metaphone,token:dropped,recall,633,0.1248,554,False
full,icu+double-metaphone,token:unaligned,recall,383,0.0731,355,False
full,icu+double-metaphone,uzbek:apostrophe,recall,83,0.2892,59,False
full,icu+double-metaphone,gender:feminine-form,fpr,380,0.0132,5,False
full,icu+double-metaphone,negative:easy,fpr,700,0.0,0,False
full,icu+double-metaphone,negative:gender-pair,fpr,380,0.0132,5,False
full,icu+double-metaphone,negative:patronymic-collision,fpr,166,0.0,0,False
full,icu+double-metaphone,negative:romanisation-collision,fpr,341,0.0147,5,False
full,icu+double-metaphone,negative:same-surname,fpr,650,0.0092,6,False
full,icu+double-metaphone,negative:similar-string,fpr,1365,0.0154,21,False
full,icu+double-metaphone,patronymic:russified,fpr,166,0.0,0,False
full,nomenklatura/logic-v1,corruption:mixed-script-homoglyph,recall,52,0.1731,43,False
full,nomenklatura/logic-v1,gender:feminine-form,recall,1,0.0,1,True
full,nomenklatura/logic-v1,gender:stripped,recall,1,0.0,1,True
full,nomenklatura/logic-v1,given:diminutive,recall,1,0.0,1,True
full,nomenklatura/logic-v1,given:exonym,recall,21,0.0,21,False
full,nomenklatura/logic-v1,kazakh:cyrillic-latin,recall,157,0.5669,68,False
full,nomenklatura/logic-v1,legal-form,recall,530,0.3585,340,False
full,nomenklatura/logic-v1,order:swapped,recall,24,0.5833,10,False
full,nomenklatura/logic-v1,patronymic:abbreviated,recall,139,0.1727,115,False
full,nomenklatura/logic-v1,patronymic:dropped,recall,353,0.289,251,False
full,nomenklatura/logic-v1,patronymic:form-substituted,recall,105,0.3619,67,False
full,nomenklatura/logic-v1,patronymic:russified,recall,846,0.4728,446,False
full,nomenklatura/logic-v1,patronymic:turkic,recall,131,0.2672,96,False
full,nomenklatura/logic-v1,romanisation:ad-hoc,recall,582,0.3282,391,False
full,nomenklatura/logic-v1,romanisation:ala-lc,recall,16,0.8125,3,False
full,nomenklatura/logic-v1,romanisation:be-bgn,recall,29,0.3448,19,False
full,nomenklatura/logic-v1,romanisation:be-latin-ascii,recall,21,0.619,8,False
full,nomenklatura/logic-v1,romanisation:bgn,recall,366,0.6093,143,False
full,nomenklatura/logic-v1,romanisation:diacritics-stripped,recall,150,0.8467,23,False
full,nomenklatura/logic-v1,romanisation:gost-b,recall,21,0.9048,2,False
full,nomenklatura/logic-v1,romanisation:icao,recall,128,0.6953,39,False
full,nomenklatura/logic-v1,romanisation:iso9,recall,51,0.9804,1,False
full,nomenklatura/logic-v1,romanisation:kk-latin2021,recall,5,0.6,2,True
full,nomenklatura/logic-v1,romanisation:ru-mediated,recall,95,0.6316,35,False
full,nomenklatura/logic-v1,romanisation:scholarly,recall,19,0.9474,1,False
full,nomenklatura/logic-v1,romanisation:tg-bgn,recall,31,0.8387,5,False
full,nomenklatura/logic-v1,romanisation:uk-kmu55,recall,63,0.4444,35,False
full,nomenklatura/logic-v1,romanisation:unattributed-variant,recall,550,0.4927,279,False
full,nomenklatura/logic-v1,romanisation:uz-latin1995,recall,121,0.595,49,False
full,nomenklatura/logic-v1,script:same,recall,550,0.4927,279,False
full,nomenklatura/logic-v1,synthetic,recall,745,0.6564,256,False
full,nomenklatura/logic-v1,token:abbreviated,recall,5,0.2,4,True
full,nomenklatura/logic-v1,token:dropped,recall,633,0.2701,462,False
full,nomenklatura/logic-v1,token:unaligned,recall,383,0.2742,278,False
full,nomenklatura/logic-v1,uzbek:apostrophe,recall,83,0.4819,43,False
full,nomenklatura/logic-v1,gender:feminine-form,fpr,380,0.0026,1,False
full,nomenklatura/logic-v1,negative:easy,fpr,700,0.0,0,False
full,nomenklatura/logic-v1,negative:gender-pair,fpr,380,0.0026,1,False
full,nomenklatura/logic-v1,negative:patronymic-collision,fpr,166,0.0,0,False
full,nomenklatura/logic-v1,negative:romanisation-collision,fpr,341,0.0059,2,False
full,nomenklatura/logic-v1,negative:same-surname,fpr,650,0.0,0,False
full,nomenklatura/logic-v1,negative:similar-string,fpr,1365,0.0139,19,False
full,nomenklatura/logic-v1,patronymic:russified,fpr,166,0.0,0,False
full,nomenklatura/logic-v2,corruption:mixed-script-homoglyph,recall,52,0.6154,20,False
full,nomenklatura/logic-v2,gender:feminine-form,recall,1,0.0,1,True
full,nomenklatura/logic-v2,gender:stripped,recall,1,0.0,1,True
full,nomenklatura/logic-v2,given:diminutive,recall,1,0.0,1,True
full,nomenklatura/logic-v2,given:exonym,recall,21,0.9524,1,False
full,nomenklatura/logic-v2,kazakh:cyrillic-latin,recall,157,0.6752,51,False
full,nomenklatura/logic-v2,legal-form,recall,530,0.5585,234,False
full,nomenklatura/logic-v2,order:swapped,recall,24,0.75,6,False
full,nomenklatura/logic-v2,patronymic:abbreviated,recall,139,0.2662,102,False
full,nomenklatura/logic-v2,patronymic:dropped,recall,353,0.4363,199,False
full,nomenklatura/logic-v2,patronymic:form-substituted,recall,105,0.5238,50,False
full,nomenklatura/logic-v2,patronymic:russified,recall,846,0.6147,326,False
full,nomenklatura/logic-v2,patronymic:turkic,recall,131,0.3282,88,False
full,nomenklatura/logic-v2,romanisation:ad-hoc,recall,582,0.5412,267,False
full,nomenklatura/logic-v2,romanisation:ala-lc,recall,16,0.875,2,False
full,nomenklatura/logic-v2,romanisation:be-bgn,recall,29,0.4828,15,False
full,nomenklatura/logic-v2,romanisation:be-latin-ascii,recall,21,0.7143,6,False
full,nomenklatura/logic-v2,romanisation:bgn,recall,366,0.7896,77,False
full,nomenklatura/logic-v2,romanisation:diacritics-stripped,recall,150,0.8667,20,False
full,nomenklatura/logic-v2,romanisation:gost-b,recall,21,0.9524,1,False
full,nomenklatura/logic-v2,romanisation:icao,recall,128,0.8672,17,False
full,nomenklatura/logic-v2,romanisation:iso9,recall,51,0.9804,1,False
full,nomenklatura/logic-v2,romanisation:kk-latin2021,recall,5,0.2,4,True
full,nomenklatura/logic-v2,romanisation:ru-mediated,recall,95,0.6632,32,False
full,nomenklatura/logic-v2,romanisation:scholarly,recall,19,1.0,0,False
full,nomenklatura/logic-v2,romanisation:tg-bgn,recall,31,0.871,4,False
full,nomenklatura/logic-v2,romanisation:uk-kmu55,recall,63,0.6508,22,False
full,nomenklatura/logic-v2,romanisation:unattributed-variant,recall,550,0.5509,247,False
full,nomenklatura/logic-v2,romanisation:uz-latin1995,recall,121,0.6529,42,False
full,nomenklatura/logic-v2,script:same,recall,550,0.5509,247,False
full,nomenklatura/logic-v2,synthetic,recall,745,0.7302,201,False
full,nomenklatura/logic-v2,token:abbreviated,recall,5,0.4,3,True
full,nomenklatura/logic-v2,token:dropped,recall,633,0.4392,355,False
full,nomenklatura/logic-v2,token:unaligned,recall,383,0.4726,202,False
full,nomenklatura/logic-v2,uzbek:apostrophe,recall,83,0.5663,36,False
full,nomenklatura/logic-v2,gender:feminine-form,fpr,380,0.0,0,False
full,nomenklatura/logic-v2,negative:easy,fpr,700,0.0,0,False
full,nomenklatura/logic-v2,negative:gender-pair,fpr,380,0.0,0,False
full,nomenklatura/logic-v2,negative:patronymic-collision,fpr,166,0.0,0,False
full,nomenklatura/logic-v2,negative:romanisation-collision,fpr,341,0.0147,5,False
full,nomenklatura/logic-v2,negative:same-surname,fpr,650,0.0031,2,False
full,nomenklatura/logic-v2,negative:similar-string,fpr,1365,0.0176,24,False
full,nomenklatura/logic-v2,patronymic:russified,fpr,166,0.0,0,False
full,nomenklatura/name-based,corruption:mixed-script-homoglyph,recall,52,0.1731,43,False
full,nomenklatura/name-based,gender:feminine-form,recall,1,0.0,1,True
full,nomenklatura/name-based,gender:stripped,recall,1,0.0,1,True
full,nomenklatura/name-based,given:diminutive,recall,1,0.0,1,True
full,nomenklatura/name-based,given:exonym,recall,21,0.5238,10,False
full,nomenklatura/name-based,kazakh:cyrillic-latin,recall,157,0.3439,103,False
full,nomenklatura/name-based,legal-form,recall,530,0.2528,396,False
full,nomenklatura/name-based,order:swapped,recall,24,0.5417,11,False
full,nomenklatura/name-based,patronymic:abbreviated,recall,139,0.036,134,False
full,nomenklatura/name-based,patronymic:dropped,recall,353,0.4306,201,False
full,nomenklatura/name-based,patronymic:form-substituted,recall,105,0.3524,68,False
full,nomenklatura/name-based,patronymic:russified,recall,846,0.5189,407,False
full,nomenklatura/name-based,patronymic:turkic,recall,131,0.1908,106,False
full,nomenklatura/name-based,romanisation:ad-hoc,recall,582,0.3351,387,False
full,nomenklatura/name-based,romanisation:ala-lc,recall,16,0.75,4,False
full,nomenklatura/name-based,romanisation:be-bgn,recall,29,0.3448,19,False
full,nomenklatura/name-based,romanisation:be-latin-ascii,recall,21,0.4286,12,False
full,nomenklatura/name-based,romanisation:bgn,recall,366,0.4781,191,False
full,nomenklatura/name-based,romanisation:diacritics-stripped,recall,150,0.7533,37,False
full,nomenklatura/name-based,romanisation:gost-b,recall,21,0.8095,4,False
full,nomenklatura/name-based,romanisation:icao,recall,128,0.6094,50,False
full,nomenklatura/name-based,romanisation:iso9,recall,51,0.9608,2,False
full,nomenklatura/name-based,romanisation:kk-latin2021,recall,5,0.2,4,True
full,nomenklatura/name-based,romanisation:ru-mediated,recall,95,0.5684,41,False
full,nomenklatura/name-based,romanisation:scholarly,recall,19,0.8947,2,False
full,nomenklatura/name-based,romanisation:tg-bgn,recall,31,0.2258,24,False
full,nomenklatura/name-based,romanisation:uk-kmu55,recall,63,0.381,39,False
full,nomenklatura/name-based,romanisation:unattributed-variant,recall,550,0.4636,295,False
full,nomenklatura/name-based,romanisation:uz-latin1995,recall,121,0.3884,74,False
full,nomenklatura/name-based,script:same,recall,550,0.4636,295,False
full,nomenklatura/name-based,synthetic,recall,745,0.5007,372,False
full,nomenklatura/name-based,token:abbreviated,recall,5,0.0,5,True
full,nomenklatura/name-based,token:dropped,recall,633,0.1991,507,False
full,nomenklatura/name-based,token:unaligned,recall,383,0.1514,325,False
full,nomenklatura/name-based,uzbek:apostrophe,recall,83,0.3373,55,False
full,nomenklatura/name-based,gender:feminine-form,fpr,380,0.0,0,False
full,nomenklatura/name-based,negative:easy,fpr,700,0.0,0,False
full,nomenklatura/name-based,negative:gender-pair,fpr,380,0.0,0,False
full,nomenklatura/name-based,negative:patronymic-collision,fpr,166,0.0181,3,False
full,nomenklatura/name-based,negative:romanisation-collision,fpr,341,0.0059,2,False
full,nomenklatura/name-based,negative:same-surname,fpr,650,0.0092,6,False
full,nomenklatura/name-based,negative:similar-string,fpr,1365,0.0168,23,False
full,nomenklatura/name-based,patronymic:russified,fpr,166,0.0181,3,False
full,nomenklatura/name-qualified,corruption:mixed-script-homoglyph,recall,52,0.1731,43,False
full,nomenklatura/name-qualified,gender:feminine-form,recall,1,0.0,1,True
full,nomenklatura/name-qualified,gender:stripped,recall,1,0.0,1,True
full,nomenklatura/name-qualified,given:diminutive,recall,1,0.0,1,True
full,nomenklatura/name-qualified,given:exonym,recall,21,0.5238,10,False
full,nomenklatura/name-qualified,kazakh:cyrillic-latin,recall,157,0.3439,103,False
full,nomenklatura/name-qualified,legal-form,recall,530,0.2528,396,False
full,nomenklatura/name-qualified,order:swapped,recall,24,0.5417,11,False
full,nomenklatura/name-qualified,patronymic:abbreviated,recall,139,0.036,134,False
full,nomenklatura/name-qualified,patronymic:dropped,recall,353,0.4306,201,False
full,nomenklatura/name-qualified,patronymic:form-substituted,recall,105,0.3524,68,False
full,nomenklatura/name-qualified,patronymic:russified,recall,846,0.5189,407,False
full,nomenklatura/name-qualified,patronymic:turkic,recall,131,0.1908,106,False
full,nomenklatura/name-qualified,romanisation:ad-hoc,recall,582,0.3351,387,False
full,nomenklatura/name-qualified,romanisation:ala-lc,recall,16,0.75,4,False
full,nomenklatura/name-qualified,romanisation:be-bgn,recall,29,0.3448,19,False
full,nomenklatura/name-qualified,romanisation:be-latin-ascii,recall,21,0.4286,12,False
full,nomenklatura/name-qualified,romanisation:bgn,recall,366,0.4781,191,False
full,nomenklatura/name-qualified,romanisation:diacritics-stripped,recall,150,0.7533,37,False
full,nomenklatura/name-qualified,romanisation:gost-b,recall,21,0.8095,4,False
full,nomenklatura/name-qualified,romanisation:icao,recall,128,0.6094,50,False
full,nomenklatura/name-qualified,romanisation:iso9,recall,51,0.9608,2,False
full,nomenklatura/name-qualified,romanisation:kk-latin2021,recall,5,0.2,4,True
full,nomenklatura/name-qualified,romanisation:ru-mediated,recall,95,0.5684,41,False
full,nomenklatura/name-qualified,romanisation:scholarly,recall,19,0.8947,2,False
full,nomenklatura/name-qualified,romanisation:tg-bgn,recall,31,0.2258,24,False
full,nomenklatura/name-qualified,romanisation:uk-kmu55,recall,63,0.381,39,False
full,nomenklatura/name-qualified,romanisation:unattributed-variant,recall,550,0.4636,295,False
full,nomenklatura/name-qualified,romanisation:uz-latin1995,recall,121,0.3884,74,False
full,nomenklatura/name-qualified,script:same,recall,550,0.4636,295,False
full,nomenklatura/name-qualified,synthetic,recall,745,0.5007,372,False
full,nomenklatura/name-qualified,token:abbreviated,recall,5,0.0,5,True
full,nomenklatura/name-qualified,token:dropped,recall,633,0.1991,507,False
full,nomenklatura/name-qualified,token:unaligned,recall,383,0.1514,325,False
full,nomenklatura/name-qualified,uzbek:apostrophe,recall,83,0.3373,55,False
full,nomenklatura/name-qualified,gender:feminine-form,fpr,380,0.0,0,False
full,nomenklatura/name-qualified,negative:easy,fpr,700,0.0,0,False
full,nomenklatura/name-qualified,negative:gender-pair,fpr,380,0.0,0,False
full,nomenklatura/name-qualified,negative:patronymic-collision,fpr,166,0.0181,3,False
full,nomenklatura/name-qualified,negative:romanisation-collision,fpr,341,0.0059,2,False
full,nomenklatura/name-qualified,negative:same-surname,fpr,650,0.0092,6,False
full,nomenklatura/name-qualified,negative:similar-string,fpr,1365,0.0168,23,False
full,nomenklatura/name-qualified,patronymic:russified,fpr,166,0.0181,3,False
full,nomenklatura/ofac,corruption:mixed-script-homoglyph,recall,52,0.2308,40,False
full,nomenklatura/ofac,gender:feminine-form,recall,1,1.0,0,True
full,nomenklatura/ofac,gender:stripped,recall,1,0.0,1,True
full,nomenklatura/ofac,given:diminutive,recall,1,0.0,1,True
full,nomenklatura/ofac,given:exonym,recall,21,0.0,21,False
full,nomenklatura/ofac,kazakh:cyrillic-latin,recall,157,0.0,157,False
full,nomenklatura/ofac,legal-form,recall,530,0.4868,272,False
full,nomenklatura/ofac,order:swapped,recall,24,0.0,24,False
full,nomenklatura/ofac,patronymic:abbreviated,recall,139,0.0072,138,False
full,nomenklatura/ofac,patronymic:dropped,recall,353,0.2323,271,False
full,nomenklatura/ofac,patronymic:form-substituted,recall,105,0.0,105,False
full,nomenklatura/ofac,patronymic:russified,recall,846,0.2577,628,False
full,nomenklatura/ofac,patronymic:turkic,recall,131,0.0,131,False
full,nomenklatura/ofac,romanisation:ad-hoc,recall,582,0.0069,578,False
full,nomenklatura/ofac,romanisation:ala-lc,recall,16,0.0,16,False
full,nomenklatura/ofac,romanisation:be-bgn,recall,29,0.0,29,False
full,nomenklatura/ofac,romanisation:be-latin-ascii,recall,21,0.0,21,False
full,nomenklatura/ofac,romanisation:bgn,recall,366,0.0246,357,False
full,nomenklatura/ofac,romanisation:diacritics-stripped,recall,150,0.0,150,False
full,nomenklatura/ofac,romanisation:gost-b,recall,21,0.0,21,False
full,nomenklatura/ofac,romanisation:icao,recall,128,0.0234,125,False
full,nomenklatura/ofac,romanisation:iso9,recall,51,0.0,51,False
full,nomenklatura/ofac,romanisation:kk-latin2021,recall,5,0.0,5,True
full,nomenklatura/ofac,romanisation:ru-mediated,recall,95,0.0,95,False
full,nomenklatura/ofac,romanisation:scholarly,recall,19,0.0,19,False
full,nomenklatura/ofac,romanisation:tg-bgn,recall,31,0.0,31,False
full,nomenklatura/ofac,romanisation:uk-kmu55,recall,63,0.0,63,False
full,nomenklatura/ofac,romanisation:unattributed-variant,recall,550,0.9982,1,False
full,nomenklatura/ofac,romanisation:uz-latin1995,recall,121,0.0,121,False
full,nomenklatura/ofac,script:same,recall,550,0.9982,1,False
full,nomenklatura/ofac,synthetic,recall,745,0.0,745,False
full,nomenklatura/ofac,token:abbreviated,recall,5,0.0,5,True
full,nomenklatura/ofac,token:dropped,recall,633,0.4123,372,False
full,nomenklatura/ofac,token:unaligned,recall,383,0.0287,372,False
full,nomenklatura/ofac,uzbek:apostrophe,recall,83,0.0,83,False
full,nomenklatura/ofac,gender:feminine-form,fpr,380,0.0,0,False
full,nomenklatura/ofac,negative:easy,fpr,700,0.0,0,False
full,nomenklatura/ofac,negative:gender-pair,fpr,380,0.0,0,False
full,nomenklatura/ofac,negative:patronymic-collision,fpr,166,0.0,0,False
full,nomenklatura/ofac,negative:romanisation-collision,fpr,341,0.0,0,False
full,nomenklatura/ofac,negative:same-surname,fpr,650,0.0,0,False
full,nomenklatura/ofac,negative:similar-string,fpr,1365,0.0,0,False
full,nomenklatura/ofac,patronymic:russified,fpr,166,0.0,0,False
full,nomenklatura/regression-v1,corruption:mixed-script-homoglyph,recall,52,0.1346,45,False
full,nomenklatura/regression-v1,gender:feminine-form,recall,1,0.0,1,True
full,nomenklatura/regression-v1,gender:stripped,recall,1,0.0,1,True
full,nomenklatura/regression-v1,given:diminutive,recall,1,0.0,1,True
full,nomenklatura/regression-v1,given:exonym,recall,21,0.0,21,False
full,nomenklatura/regression-v1,kazakh:cyrillic-latin,recall,157,0.2866,112,False
full,nomenklatura/regression-v1,legal-form,recall,530,0.2,424,False
full,nomenklatura/regression-v1,order:swapped,recall,24,0.4167,14,False
full,nomenklatura/regression-v1,patronymic:abbreviated,recall,139,0.1799,114,False
full,nomenklatura/regression-v1,patronymic:dropped,recall,353,0.1416,303,False
full,nomenklatura/regression-v1,patronymic:form-substituted,recall,105,0.0857,96,False
full,nomenklatura/regression-v1,patronymic:russified,recall,846,0.2104,668,False
full,nomenklatura/regression-v1,patronymic:turkic,recall,131,0.2519,98,False
full,nomenklatura/regression-v1,romanisation:ad-hoc,recall,582,0.0722,540,False
full,nomenklatura/regression-v1,romanisation:ala-lc,recall,16,0.375,10,False
full,nomenklatura/regression-v1,romanisation:be-bgn,recall,29,0.069,27,False
full,nomenklatura/regression-v1,romanisation:be-latin-ascii,recall,21,0.2381,16,False
full,nomenklatura/regression-v1,romanisation:bgn,recall,366,0.2678,268,False
full,nomenklatura/regression-v1,romanisation:diacritics-stripped,recall,150,0.7333,40,False
full,nomenklatura/regression-v1,romanisation:gost-b,recall,21,0.4286,12,False
full,nomenklatura/regression-v1,romanisation:icao,recall,128,0.3125,88,False
full,nomenklatura/regression-v1,romanisation:iso9,recall,51,0.9608,2,False
full,nomenklatura/regression-v1,romanisation:kk-latin2021,recall,5,0.2,4,True
full,nomenklatura/regression-v1,romanisation:ru-mediated,recall,95,0.3053,66,False
full,nomenklatura/regression-v1,romanisation:scholarly,recall,19,0.8947,2,False
full,nomenklatura/regression-v1,romanisation:tg-bgn,recall,31,0.1935,25,False
full,nomenklatura/regression-v1,romanisation:uk-kmu55,recall,63,0.1429,54,False
full,nomenklatura/regression-v1,romanisation:unattributed-variant,recall,550,0.2927,389,False
full,nomenklatura/regression-v1,romanisation:uz-latin1995,recall,121,0.1074,108,False
full,nomenklatura/regression-v1,script:same,recall,550,0.2927,389,False
full,nomenklatura/regression-v1,synthetic,recall,745,0.3839,459,False
full,nomenklatura/regression-v1,token:abbreviated,recall,5,0.0,5,True
full,nomenklatura/regression-v1,token:dropped,recall,633,0.1611,531,False
full,nomenklatura/regression-v1,token:unaligned,recall,383,0.0862,350,False
full,nomenklatura/regression-v1,uzbek:apostrophe,recall,83,0.0361,80,False
full,nomenklatura/regression-v1,gender:feminine-form,fpr,380,0.0,0,False
full,nomenklatura/regression-v1,negative:easy,fpr,700,0.0,0,False
full,nomenklatura/regression-v1,negative:gender-pair,fpr,380,0.0,0,False
full,nomenklatura/regression-v1,negative:patronymic-collision,fpr,166,0.0542,9,False
full,nomenklatura/regression-v1,negative:romanisation-collision,fpr,341,0.0088,3,False
full,nomenklatura/regression-v1,negative:same-surname,fpr,650,0.02,13,False
full,nomenklatura/regression-v1,negative:similar-string,fpr,1365,0.0125,17,False
full,nomenklatura/regression-v1,patronymic:russified,fpr,166,0.0542,9,False
full,nomenklatura/er-unstable,corruption:mixed-script-homoglyph,recall,52,0.3077,36,False
full,nomenklatura/er-unstable,gender:feminine-form,recall,1,0.0,1,True
full,nomenklatura/er-unstable,gender:stripped,recall,1,0.0,1,True
full,nomenklatura/er-unstable,given:diminutive,recall,1,0.0,1,True
full,nomenklatura/er-unstable,given:exonym,recall,21,0.0,21,False
full,nomenklatura/er-unstable,kazakh:cyrillic-latin,recall,157,0.3949,95,False
full,nomenklatura/er-unstable,legal-form,recall,530,0.3623,338,False
full,nomenklatura/er-unstable,order:swapped,recall,24,0.5833,10,False
full,nomenklatura/er-unstable,patronymic:abbreviated,recall,139,0.1799,114,False
full,nomenklatura/er-unstable,patronymic:dropped,recall,353,0.1416,303,False
full,nomenklatura/er-unstable,patronymic:form-substituted,recall,105,0.1048,94,False
full,nomenklatura/er-unstable,patronymic:russified,recall,846,0.247,637,False
full,nomenklatura/er-unstable,patronymic:turkic,recall,131,0.2519,98,False
full,nomenklatura/er-unstable,romanisation:ad-hoc,recall,582,0.1976,467,False
full,nomenklatura/er-unstable,romanisation:ala-lc,recall,16,0.5625,7,False
full,nomenklatura/er-unstable,romanisation:be-bgn,recall,29,0.1379,25,False
full,nomenklatura/er-unstable,romanisation:be-latin-ascii,recall,21,0.4286,12,False
full,nomenklatura/er-unstable,romanisation:bgn,recall,366,0.5,183,False
full,nomenklatura/er-unstable,romanisation:diacritics-stripped,recall,150,0.7667,35,False
full,nomenklatura/er-unstable,romanisation:gost-b,recall,21,0.5714,9,False
full,nomenklatura/er-unstable,romanisation:icao,recall,128,0.4844,66,False
full,nomenklatura/er-unstable,romanisation:iso9,recall,51,1.0,0,False
full,nomenklatura/er-unstable,romanisation:kk-latin2021,recall,5,0.2,4,True
full,nomenklatura/er-unstable,romanisation:ru-mediated,recall,95,0.5368,44,False
full,nomenklatura/er-unstable,romanisation:scholarly,recall,19,0.8947,2,False
full,nomenklatura/er-unstable,romanisation:tg-bgn,recall,31,0.6129,12,False
full,nomenklatura/er-unstable,romanisation:uk-kmu55,recall,63,0.2063,50,False
full,nomenklatura/er-unstable,romanisation:unattributed-variant,recall,550,0.3455,360,False
full,nomenklatura/er-unstable,romanisation:uz-latin1995,recall,121,0.5455,55,False
full,nomenklatura/er-unstable,script:same,recall,550,0.3455,360,False
full,nomenklatura/er-unstable,synthetic,recall,745,0.5369,345,False
full,nomenklatura/er-unstable,token:abbreviated,recall,5,0.4,3,True
full,nomenklatura/er-unstable,token:dropped,recall,633,0.278,457,False
full,nomenklatura/er-unstable,token:unaligned,recall,383,0.2637,282,False
full,nomenklatura/er-unstable,uzbek:apostrophe,recall,83,0.4458,46,False
full,nomenklatura/er-unstable,gender:feminine-form,fpr,380,0.0,0,False
full,nomenklatura/er-unstable,negative:easy,fpr,700,0.0,0,False
full,nomenklatura/er-unstable,negative:gender-pair,fpr,380,0.0,0,False
full,nomenklatura/er-unstable,negative:patronymic-collision,fpr,166,0.0,0,False
full,nomenklatura/er-unstable,negative:romanisation-collision,fpr,341,0.0029,1,False
full,nomenklatura/er-unstable,negative:same-surname,fpr,650,0.0,0,False
full,nomenklatura/er-unstable,negative:similar-string,fpr,1365,0.0183,25,False
full,nomenklatura/er-unstable,patronymic:russified,fpr,166,0.0,0,False
full,embedding/LaBSE,corruption:mixed-script-homoglyph,recall,52,0.1731,43,False
full,embedding/LaBSE,gender:feminine-form,recall,1,0.0,1,True
full,embedding/LaBSE,gender:stripped,recall,1,0.0,1,True
full,embedding/LaBSE,given:diminutive,recall,1,0.0,1,True
full,embedding/LaBSE,given:exonym,recall,21,0.9048,2,False
full,embedding/LaBSE,kazakh:cyrillic-latin,recall,157,0.5287,74,False
full,embedding/LaBSE,legal-form,recall,530,0.1189,467,False
full,embedding/LaBSE,order:swapped,recall,24,0.0417,23,False
full,embedding/LaBSE,patronymic:abbreviated,recall,139,0.2014,111,False
full,embedding/LaBSE,patronymic:dropped,recall,353,0.3003,247,False
full,embedding/LaBSE,patronymic:form-substituted,recall,105,0.6667,35,False
full,embedding/LaBSE,patronymic:russified,recall,846,0.5745,360,False
full,embedding/LaBSE,patronymic:turkic,recall,131,0.2443,99,False
full,embedding/LaBSE,romanisation:ad-hoc,recall,582,0.4416,325,False
full,embedding/LaBSE,romanisation:ala-lc,recall,16,0.8125,3,False
full,embedding/LaBSE,romanisation:be-bgn,recall,29,0.4138,17,False
full,embedding/LaBSE,romanisation:be-latin-ascii,recall,21,0.381,13,False
full,embedding/LaBSE,romanisation:bgn,recall,366,0.4727,193,False
full,embedding/LaBSE,romanisation:diacritics-stripped,recall,150,0.6467,53,False
full,embedding/LaBSE,romanisation:gost-b,recall,21,0.5714,9,False
full,embedding/LaBSE,romanisation:icao,recall,128,0.5,64,False
full,embedding/LaBSE,romanisation:iso9,recall,51,0.3922,31,False
full,embedding/LaBSE,romanisation:kk-latin2021,recall,5,0.2,4,True
full,embedding/LaBSE,romanisation:ru-mediated,recall,95,0.6,38,False
full,embedding/LaBSE,romanisation:scholarly,recall,19,0.7895,4,False
full,embedding/LaBSE,romanisation:tg-bgn,recall,31,0.6774,10,False
full,embedding/LaBSE,romanisation:uk-kmu55,recall,63,0.3651,40,False
full,embedding/LaBSE,romanisation:unattributed-variant,recall,550,0.38,341,False
full,embedding/LaBSE,romanisation:uz-latin1995,recall,121,0.8678,16,False
full,embedding/LaBSE,script:same,recall,550,0.38,341,False
full,embedding/LaBSE,synthetic,recall,745,0.6201,283,False
full,embedding/LaBSE,token:abbreviated,recall,5,0.0,5,True
full,embedding/LaBSE,token:dropped,recall,633,0.1137,561,False
full,embedding/LaBSE,token:unaligned,recall,383,0.1436,328,False
full,embedding/LaBSE,uzbek:apostrophe,recall,83,0.8193,15,False
full,embedding/LaBSE,gender:feminine-form,fpr,380,0.0,0,False
full,embedding/LaBSE,negative:easy,fpr,700,0.0,0,False
full,embedding/LaBSE,negative:gender-pair,fpr,380,0.0,0,False
full,embedding/LaBSE,negative:patronymic-collision,fpr,166,0.012,2,False
full,embedding/LaBSE,negative:romanisation-collision,fpr,341,0.0088,3,False
full,embedding/LaBSE,negative:same-surname,fpr,650,0.0031,2,False
full,embedding/LaBSE,negative:similar-string,fpr,1365,0.0176,24,False
full,embedding/LaBSE,patronymic:russified,fpr,166,0.012,2,False
full,embedding/multilingual-e5-base,corruption:mixed-script-homoglyph,recall,52,0.0962,47,False
full,embedding/multilingual-e5-base,gender:feminine-form,recall,1,0.0,1,True
full,embedding/multilingual-e5-base,gender:stripped,recall,1,0.0,1,True
full,embedding/multilingual-e5-base,given:diminutive,recall,1,0.0,1,True
full,embedding/multilingual-e5-base,given:exonym,recall,21,0.1905,17,False
full,embedding/multilingual-e5-base,kazakh:cyrillic-latin,recall,157,0.3312,105,False
full,embedding/multilingual-e5-base,legal-form,recall,530,0.1415,455,False
full,embedding/multilingual-e5-base,order:swapped,recall,24,0.2083,19,False
full,embedding/multilingual-e5-base,patronymic:abbreviated,recall,139,0.1079,124,False
full,embedding/multilingual-e5-base,patronymic:dropped,recall,353,0.272,257,False
full,embedding/multilingual-e5-base,patronymic:form-substituted,recall,105,0.2286,81,False
full,embedding/multilingual-e5-base,patronymic:russified,recall,846,0.3771,527,False
full,embedding/multilingual-e5-base,patronymic:turkic,recall,131,0.1221,115,False
full,embedding/multilingual-e5-base,romanisation:ad-hoc,recall,582,0.1598,489,False
full,embedding/multilingual-e5-base,romanisation:ala-lc,recall,16,0.25,12,False
full,embedding/multilingual-e5-base,romanisation:be-bgn,recall,29,0.3793,18,False
full,embedding/multilingual-e5-base,romanisation:be-latin-ascii,recall,21,0.2381,16,False
full,embedding/multilingual-e5-base,romanisation:bgn,recall,366,0.2213,285,False
full,embedding/multilingual-e5-base,romanisation:diacritics-stripped,recall,150,0.22,117,False
full,embedding/multilingual-e5-base,romanisation:gost-b,recall,21,0.2857,15,False
full,embedding/multilingual-e5-base,romanisation:icao,recall,128,0.1797,105,False
full,embedding/multilingual-e5-base,romanisation:iso9,recall,51,0.4902,26,False
full,embedding/multilingual-e5-base,romanisation:kk-latin2021,recall,5,0.2,4,True
full,embedding/multilingual-e5-base,romanisation:ru-mediated,recall,95,0.1684,79,False
full,embedding/multilingual-e5-base,romanisation:scholarly,recall,19,0.5263,9,False
full,embedding/multilingual-e5-base,romanisation:tg-bgn,recall,31,0.2581,23,False
full,embedding/multilingual-e5-base,romanisation:uk-kmu55,recall,63,0.0635,59,False
full,embedding/multilingual-e5-base,romanisation:unattributed-variant,recall,550,0.5291,259,False
full,embedding/multilingual-e5-base,romanisation:uz-latin1995,recall,121,0.562,53,False
full,embedding/multilingual-e5-base,script:same,recall,550,0.5291,259,False
full,embedding/multilingual-e5-base,synthetic,recall,745,0.3248,503,False
full,embedding/multilingual-e5-base,token:abbreviated,recall,5,0.2,4,True
full,embedding/multilingual-e5-base,token:dropped,recall,633,0.1011,569,False
full,embedding/multilingual-e5-base,token:unaligned,recall,383,0.0313,371,False
full,embedding/multilingual-e5-base,uzbek:apostrophe,recall,83,0.4819,43,False
full,embedding/multilingual-e5-base,gender:feminine-form,fpr,380,0.0158,6,False
full,embedding/multilingual-e5-base,negative:easy,fpr,700,0.0,0,False
full,embedding/multilingual-e5-base,negative:gender-pair,fpr,380,0.0158,6,False
full,embedding/multilingual-e5-base,negative:patronymic-collision,fpr,166,0.0,0,False
full,embedding/multilingual-e5-base,negative:romanisation-collision,fpr,341,0.0117,4,False
full,embedding/multilingual-e5-base,negative:same-surname,fpr,650,0.0062,4,False
full,embedding/multilingual-e5-base,negative:similar-string,fpr,1365,0.0147,20,False
full,embedding/multilingual-e5-base,patronymic:russified,fpr,166,0.0,0,False
full,llm-judge/claude-sonnet-5,corruption:mixed-script-homoglyph,recall,52,1.0,0,False
full,llm-judge/claude-sonnet-5,gender:feminine-form,recall,1,1.0,0,True
full,llm-judge/claude-sonnet-5,gender:stripped,recall,1,1.0,0,True
full,llm-judge/claude-sonnet-5,given:diminutive,recall,1,1.0,0,True
full,llm-judge/claude-sonnet-5,given:exonym,recall,21,1.0,0,False
full,llm-judge/claude-sonnet-5,kazakh:cyrillic-latin,recall,157,0.9936,1,False
full,llm-judge/claude-sonnet-5,legal-form,recall,530,0.9509,26,False
full,llm-judge/claude-sonnet-5,order:swapped,recall,24,1.0,0,False
full,llm-judge/claude-sonnet-5,patronymic:abbreviated,recall,139,0.9928,1,False
full,llm-judge/claude-sonnet-5,patronymic:dropped,recall,353,0.9773,8,False
full,llm-judge/claude-sonnet-5,patronymic:form-substituted,recall,105,0.9905,1,False
full,llm-judge/claude-sonnet-5,patronymic:russified,recall,846,0.9775,19,False
full,llm-judge/claude-sonnet-5,patronymic:turkic,recall,131,0.9924,1,False
full,llm-judge/claude-sonnet-5,romanisation:ad-hoc,recall,582,0.9863,8,False
full,llm-judge/claude-sonnet-5,romanisation:ala-lc,recall,16,1.0,0,False
full,llm-judge/claude-sonnet-5,romanisation:be-bgn,recall,29,1.0,0,False
full,llm-judge/claude-sonnet-5,romanisation:be-latin-ascii,recall,21,1.0,0,False
full,llm-judge/claude-sonnet-5,romanisation:bgn,recall,366,0.9891,4,False
full,llm-judge/claude-sonnet-5,romanisation:diacritics-stripped,recall,150,0.9867,2,False
full,llm-judge/claude-sonnet-5,romanisation:gost-b,recall,21,1.0,0,False
full,llm-judge/claude-sonnet-5,romanisation:icao,recall,128,1.0,0,False
full,llm-judge/claude-sonnet-5,romanisation:iso9,recall,51,0.9804,1,False
full,llm-judge/claude-sonnet-5,romanisation:kk-latin2021,recall,5,1.0,0,True
full,llm-judge/claude-sonnet-5,romanisation:ru-mediated,recall,95,0.9789,2,False
full,llm-judge/claude-sonnet-5,romanisation:scholarly,recall,19,1.0,0,False
full,llm-judge/claude-sonnet-5,romanisation:tg-bgn,recall,31,1.0,0,False
full,llm-judge/claude-sonnet-5,romanisation:uk-kmu55,recall,63,1.0,0,False
full,llm-judge/claude-sonnet-5,romanisation:unattributed-variant,recall,550,0.9236,42,False
full,llm-judge/claude-sonnet-5,romanisation:uz-latin1995,recall,121,1.0,0,False
full,llm-judge/claude-sonnet-5,script:same,recall,550,0.9236,42,False
full,llm-judge/claude-sonnet-5,synthetic,recall,745,0.9987,1,False
full,llm-judge/claude-sonnet-5,token:abbreviated,recall,5,1.0,0,True
full,llm-judge/claude-sonnet-5,token:dropped,recall,633,0.9352,41,False
full,llm-judge/claude-sonnet-5,token:unaligned,recall,383,0.9478,20,False
full,llm-judge/claude-sonnet-5,uzbek:apostrophe,recall,83,1.0,0,False
full,llm-judge/claude-sonnet-5,gender:feminine-form,fpr,380,0.0,0,False
full,llm-judge/claude-sonnet-5,negative:easy,fpr,700,0.0,0,False
full,llm-judge/claude-sonnet-5,negative:gender-pair,fpr,380,0.0,0,False
full,llm-judge/claude-sonnet-5,negative:patronymic-collision,fpr,166,0.0,0,False
full,llm-judge/claude-sonnet-5,negative:romanisation-collision,fpr,341,0.0264,9,False
full,llm-judge/claude-sonnet-5,negative:same-surname,fpr,650,0.0108,7,False
full,llm-judge/claude-sonnet-5,negative:similar-string,fpr,1365,0.019,26,False
full,llm-judge/claude-sonnet-5,patronymic:russified,fpr,166,0.0,0,False
full,llm-judge/claude-opus-5,corruption:mixed-script-homoglyph,recall,52,1.0,0,False
full,llm-judge/claude-opus-5,gender:feminine-form,recall,1,1.0,0,True
full,llm-judge/claude-opus-5,gender:stripped,recall,1,1.0,0,True
full,llm-judge/claude-opus-5,given:diminutive,recall,1,1.0,0,True
full,llm-judge/claude-opus-5,given:exonym,recall,21,1.0,0,False
full,llm-judge/claude-opus-5,kazakh:cyrillic-latin,recall,157,0.9936,1,False
full,llm-judge/claude-opus-5,legal-form,recall,530,0.966,18,False
full,llm-judge/claude-opus-5,order:swapped,recall,24,1.0,0,False
full,llm-judge/claude-opus-5,patronymic:abbreviated,recall,139,1.0,0,False
full,llm-judge/claude-opus-5,patronymic:dropped,recall,353,0.983,6,False
full,llm-judge/claude-opus-5,patronymic:form-substituted,recall,105,0.9905,1,False
full,llm-judge/claude-opus-5,patronymic:russified,recall,846,0.9835,14,False
full,llm-judge/claude-opus-5,patronymic:turkic,recall,131,0.9924,1,False
full,llm-judge/claude-opus-5,romanisation:ad-hoc,recall,582,0.988,7,False
full,llm-judge/claude-opus-5,romanisation:ala-lc,recall,16,1.0,0,False
full,llm-judge/claude-opus-5,romanisation:be-bgn,recall,29,1.0,0,False
full,llm-judge/claude-opus-5,romanisation:be-latin-ascii,recall,21,1.0,0,False
full,llm-judge/claude-opus-5,romanisation:bgn,recall,366,0.9918,3,False
full,llm-judge/claude-opus-5,romanisation:diacritics-stripped,recall,150,0.9867,2,False
full,llm-judge/claude-opus-5,romanisation:gost-b,recall,21,1.0,0,False
full,llm-judge/claude-opus-5,romanisation:icao,recall,128,0.9922,1,False
full,llm-judge/claude-opus-5,romanisation:iso9,recall,51,1.0,0,False
full,llm-judge/claude-opus-5,romanisation:kk-latin2021,recall,5,1.0,0,True
full,llm-judge/claude-opus-5,romanisation:ru-mediated,recall,95,0.9789,2,False
full,llm-judge/claude-opus-5,romanisation:scholarly,recall,19,1.0,0,False
full,llm-judge/claude-opus-5,romanisation:tg-bgn,recall,31,1.0,0,False
full,llm-judge/claude-opus-5,romanisation:uk-kmu55,recall,63,1.0,0,False
full,llm-judge/claude-opus-5,romanisation:unattributed-variant,recall,550,0.9455,30,False
full,llm-judge/claude-opus-5,romanisation:uz-latin1995,recall,121,1.0,0,False
full,llm-judge/claude-opus-5,script:same,recall,550,0.9455,30,False
full,llm-judge/claude-opus-5,synthetic,recall,745,1.0,0,False
full,llm-judge/claude-opus-5,token:abbreviated,recall,5,1.0,0,True
full,llm-judge/claude-opus-5,token:dropped,recall,633,0.9558,28,False
full,llm-judge/claude-opus-5,token:unaligned,recall,383,0.9608,15,False
full,llm-judge/claude-opus-5,uzbek:apostrophe,recall,83,1.0,0,False
full,llm-judge/claude-opus-5,gender:feminine-form,fpr,380,0.0,0,False
full,llm-judge/claude-opus-5,negative:easy,fpr,700,0.0,0,False
full,llm-judge/claude-opus-5,negative:gender-pair,fpr,380,0.0,0,False
full,llm-judge/claude-opus-5,negative:patronymic-collision,fpr,166,0.006,1,False
full,llm-judge/claude-opus-5,negative:romanisation-collision,fpr,341,0.0264,9,False
full,llm-judge/claude-opus-5,negative:same-surname,fpr,650,0.0092,6,False
full,llm-judge/claude-opus-5,negative:similar-string,fpr,1365,0.0168,23,False
full,llm-judge/claude-opus-5,patronymic:russified,fpr,166,0.006,1,False
hard-negatives-only,exact-match-nfkc,corruption:mixed-script-homoglyph,recall,52,0.0,52,False
hard-negatives-only,exact-match-nfkc,gender:feminine-form,recall,1,0.0,1,True
hard-negatives-only,exact-match-nfkc,gender:stripped,recall,1,0.0,1,True
hard-negatives-only,exact-match-nfkc,given:diminutive,recall,1,0.0,1,True
hard-negatives-only,exact-match-nfkc,given:exonym,recall,21,0.0,21,False
hard-negatives-only,exact-match-nfkc,kazakh:cyrillic-latin,recall,157,0.0,157,False
hard-negatives-only,exact-match-nfkc,legal-form,recall,530,0.0,530,False
hard-negatives-only,exact-match-nfkc,order:swapped,recall,24,0.0,24,False
hard-negatives-only,exact-match-nfkc,patronymic:abbreviated,recall,139,0.0,139,False
hard-negatives-only,exact-match-nfkc,patronymic:dropped,recall,353,0.0,353,False
hard-negatives-only,exact-match-nfkc,patronymic:form-substituted,recall,105,0.0,105,False
hard-negatives-only,exact-match-nfkc,patronymic:russified,recall,846,0.0,846,False
hard-negatives-only,exact-match-nfkc,patronymic:turkic,recall,131,0.0,131,False
hard-negatives-only,exact-match-nfkc,romanisation:ad-hoc,recall,582,0.0,582,False
hard-negatives-only,exact-match-nfkc,romanisation:ala-lc,recall,16,0.0,16,False
hard-negatives-only,exact-match-nfkc,romanisation:be-bgn,recall,29,0.0,29,False
hard-negatives-only,exact-match-nfkc,romanisation:be-latin-ascii,recall,21,0.0,21,False
hard-negatives-only,exact-match-nfkc,romanisation:bgn,recall,366,0.0,366,False
hard-negatives-only,exact-match-nfkc,romanisation:diacritics-stripped,recall,150,0.0,150,False
hard-negatives-only,exact-match-nfkc,romanisation:gost-b,recall,21,0.0,21,False
hard-negatives-only,exact-match-nfkc,romanisation:icao,recall,128,0.0,128,False
hard-negatives-only,exact-match-nfkc,romanisation:iso9,recall,51,0.0,51,False
hard-negatives-only,exact-match-nfkc,romanisation:kk-latin2021,recall,5,0.0,5,True
hard-negatives-only,exact-match-nfkc,romanisation:ru-mediated,recall,95,0.0,95,False
hard-negatives-only,exact-match-nfkc,romanisation:scholarly,recall,19,0.0,19,False
hard-negatives-only,exact-match-nfkc,romanisation:tg-bgn,recall,31,0.0,31,False
hard-negatives-only,exact-match-nfkc,romanisation:uk-kmu55,recall,63,0.0,63,False
hard-negatives-only,exact-match-nfkc,romanisation:unattributed-variant,recall,550,0.0,550,False
hard-negatives-only,exact-match-nfkc,romanisation:uz-latin1995,recall,121,0.0,121,False
hard-negatives-only,exact-match-nfkc,script:same,recall,550,0.0,550,False
hard-negatives-only,exact-match-nfkc,synthetic,recall,745,0.0,745,False
hard-negatives-only,exact-match-nfkc,token:abbreviated,recall,5,0.0,5,True
hard-negatives-only,exact-match-nfkc,token:dropped,recall,633,0.0,633,False
hard-negatives-only,exact-match-nfkc,token:unaligned,recall,383,0.0,383,False
hard-negatives-only,exact-match-nfkc,uzbek:apostrophe,recall,83,0.0,83,False
hard-negatives-only,exact-match-nfkc,gender:feminine-form,fpr,380,0.0,0,False
hard-negatives-only,exact-match-nfkc,negative:gender-pair,fpr,380,0.0,0,False
hard-negatives-only,exact-match-nfkc,negative:patronymic-collision,fpr,166,0.0,0,False
hard-negatives-only,exact-match-nfkc,negative:romanisation-collision,fpr,341,0.0,0,False
hard-negatives-only,exact-match-nfkc,negative:same-surname,fpr,650,0.0,0,False
hard-negatives-only,exact-match-nfkc,negative:similar-string,fpr,1365,0.0,0,False
hard-negatives-only,exact-match-nfkc,patronymic:russified,fpr,166,0.0,0,False
hard-negatives-only,jaro-winkler-raw,corruption:mixed-script-homoglyph,recall,52,0.8462,8,False
hard-negatives-only,jaro-winkler-raw,gender:feminine-form,recall,1,1.0,0,True
hard-negatives-only,jaro-winkler-raw,gender:stripped,recall,1,1.0,0,True
hard-negatives-only,jaro-winkler-raw,given:diminutive,recall,1,0.0,1,True
hard-negatives-only,jaro-winkler-raw,given:exonym,recall,21,0.0,21,False
hard-negatives-only,jaro-winkler-raw,kazakh:cyrillic-latin,recall,157,0.0,157,False
hard-negatives-only,jaro-winkler-raw,legal-form,recall,530,0.5472,240,False
hard-negatives-only,jaro-winkler-raw,order:swapped,recall,24,0.0,24,False
hard-negatives-only,jaro-winkler-raw,patronymic:abbreviated,recall,139,0.0216,136,False
hard-negatives-only,jaro-winkler-raw,patronymic:dropped,recall,353,0.2323,271,False
hard-negatives-only,jaro-winkler-raw,patronymic:form-substituted,recall,105,0.0,105,False
hard-negatives-only,jaro-winkler-raw,patronymic:russified,recall,846,0.26,626,False
hard-negatives-only,jaro-winkler-raw,patronymic:turkic,recall,131,0.0,131,False
hard-negatives-only,jaro-winkler-raw,romanisation:ad-hoc,recall,582,0.0412,558,False
hard-negatives-only,jaro-winkler-raw,romanisation:ala-lc,recall,16,0.0,16,False
hard-negatives-only,jaro-winkler-raw,romanisation:be-bgn,recall,29,0.0,29,False
hard-negatives-only,jaro-winkler-raw,romanisation:be-latin-ascii,recall,21,0.0,21,False
hard-negatives-only,jaro-winkler-raw,romanisation:bgn,recall,366,0.0847,335,False
hard-negatives-only,jaro-winkler-raw,romanisation:diacritics-stripped,recall,150,0.0,150,False
hard-negatives-only,jaro-winkler-raw,romanisation:gost-b,recall,21,0.0476,20,False
hard-negatives-only,jaro-winkler-raw,romanisation:icao,recall,128,0.0547,121,False
hard-negatives-only,jaro-winkler-raw,romanisation:iso9,recall,51,0.0196,50,False
hard-negatives-only,jaro-winkler-raw,romanisation:kk-latin2021,recall,5,0.0,5,True
hard-negatives-only,jaro-winkler-raw,romanisation:ru-mediated,recall,95,0.0,95,False
hard-negatives-only,jaro-winkler-raw,romanisation:scholarly,recall,19,0.0,19,False
hard-negatives-only,jaro-winkler-raw,romanisation:tg-bgn,recall,31,0.0,31,False
hard-negatives-only,jaro-winkler-raw,romanisation:uk-kmu55,recall,63,0.0,63,False
hard-negatives-only,jaro-winkler-raw,romanisation:unattributed-variant,recall,550,1.0,0,False
hard-negatives-only,jaro-winkler-raw,romanisation:uz-latin1995,recall,121,0.0413,116,False
hard-negatives-only,jaro-winkler-raw,script:same,recall,550,1.0,0,False
hard-negatives-only,jaro-winkler-raw,synthetic,recall,745,0.0094,738,False
hard-negatives-only,jaro-winkler-raw,token:abbreviated,recall,5,0.0,5,True
hard-negatives-only,jaro-winkler-raw,token:dropped,recall,633,0.4692,336,False
hard-negatives-only,jaro-winkler-raw,token:unaligned,recall,383,0.1201,337,False
hard-negatives-only,jaro-winkler-raw,uzbek:apostrophe,recall,83,0.0482,79,False
hard-negatives-only,jaro-winkler-raw,gender:feminine-form,fpr,380,0.0,0,False
hard-negatives-only,jaro-winkler-raw,negative:gender-pair,fpr,380,0.0,0,False
hard-negatives-only,jaro-winkler-raw,negative:patronymic-collision,fpr,166,0.0,0,False
hard-negatives-only,jaro-winkler-raw,negative:romanisation-collision,fpr,341,0.0,0,False
hard-negatives-only,jaro-winkler-raw,negative:same-surname,fpr,650,0.0,0,False
hard-negatives-only,jaro-winkler-raw,negative:similar-string,fpr,1365,0.0,0,False
hard-negatives-only,jaro-winkler-raw,patronymic:russified,fpr,166,0.0,0,False
hard-negatives-only,levenshtein-raw,corruption:mixed-script-homoglyph,recall,52,0.8654,7,False
hard-negatives-only,levenshtein-raw,gender:feminine-form,recall,1,1.0,0,True
hard-negatives-only,levenshtein-raw,gender:stripped,recall,1,1.0,0,True
hard-negatives-only,levenshtein-raw,given:diminutive,recall,1,0.0,1,True
hard-negatives-only,levenshtein-raw,given:exonym,recall,21,0.0,21,False
hard-negatives-only,levenshtein-raw,kazakh:cyrillic-latin,recall,157,0.0,157,False
hard-negatives-only,levenshtein-raw,legal-form,recall,530,0.5491,239,False
hard-negatives-only,levenshtein-raw,order:swapped,recall,24,0.0,24,False
hard-negatives-only,levenshtein-raw,patronymic:abbreviated,recall,139,0.0216,136,False
hard-negatives-only,levenshtein-raw,patronymic:dropped,recall,353,0.2323,271,False
hard-negatives-only,levenshtein-raw,patronymic:form-substituted,recall,105,0.0,105,False
hard-negatives-only,levenshtein-raw,patronymic:russified,recall,846,0.26,626,False
hard-negatives-only,levenshtein-raw,patronymic:turkic,recall,131,0.0,131,False
hard-negatives-only,levenshtein-raw,romanisation:ad-hoc,recall,582,0.0395,559,False
hard-negatives-only,levenshtein-raw,romanisation:ala-lc,recall,16,0.0,16,False
hard-negatives-only,levenshtein-raw,romanisation:be-bgn,recall,29,0.0,29,False
hard-negatives-only,levenshtein-raw,romanisation:be-latin-ascii,recall,21,0.0,21,False
hard-negatives-only,levenshtein-raw,romanisation:bgn,recall,366,0.0874,334,False
hard-negatives-only,levenshtein-raw,romanisation:diacritics-stripped,recall,150,0.0,150,False
hard-negatives-only,levenshtein-raw,romanisation:gost-b,recall,21,0.0476,20,False
hard-negatives-only,levenshtein-raw,romanisation:icao,recall,128,0.0547,121,False
hard-negatives-only,levenshtein-raw,romanisation:iso9,recall,51,0.0196,50,False
hard-negatives-only,levenshtein-raw,romanisation:kk-latin2021,recall,5,0.0,5,True
hard-negatives-only,levenshtein-raw,romanisation:ru-mediated,recall,95,0.0,95,False
hard-negatives-only,levenshtein-raw,romanisation:scholarly,recall,19,0.0,19,False
hard-negatives-only,levenshtein-raw,romanisation:tg-bgn,recall,31,0.0,31,False
hard-negatives-only,levenshtein-raw,romanisation:uk-kmu55,recall,63,0.0,63,False
hard-negatives-only,levenshtein-raw,romanisation:unattributed-variant,recall,550,1.0,0,False
hard-negatives-only,levenshtein-raw,romanisation:uz-latin1995,recall,121,0.0413,116,False
hard-negatives-only,levenshtein-raw,script:same,recall,550,1.0,0,False
hard-negatives-only,levenshtein-raw,synthetic,recall,745,0.0094,738,False
hard-negatives-only,levenshtein-raw,token:abbreviated,recall,5,0.0,5,True
hard-negatives-only,levenshtein-raw,token:dropped,recall,633,0.4708,335,False
hard-negatives-only,levenshtein-raw,token:unaligned,recall,383,0.1227,336,False
hard-negatives-only,levenshtein-raw,uzbek:apostrophe,recall,83,0.0482,79,False
hard-negatives-only,levenshtein-raw,gender:feminine-form,fpr,380,0.0,0,False
hard-negatives-only,levenshtein-raw,negative:gender-pair,fpr,380,0.0,0,False
hard-negatives-only,levenshtein-raw,negative:patronymic-collision,fpr,166,0.0,0,False
hard-negatives-only,levenshtein-raw,negative:romanisation-collision,fpr,341,0.0,0,False
hard-negatives-only,levenshtein-raw,negative:same-surname,fpr,650,0.0,0,False
hard-negatives-only,levenshtein-raw,negative:similar-string,fpr,1365,0.0,0,False
hard-negatives-only,levenshtein-raw,patronymic:russified,fpr,166,0.0,0,False
hard-negatives-only,icu-cyrl-latn+jaro-winkler,corruption:mixed-script-homoglyph,recall,52,0.0577,49,False
hard-negatives-only,icu-cyrl-latn+jaro-winkler,gender:feminine-form,recall,1,0.0,1,True
hard-negatives-only,icu-cyrl-latn+jaro-winkler,gender:stripped,recall,1,0.0,1,True
hard-negatives-only,icu-cyrl-latn+jaro-winkler,given:diminutive,recall,1,0.0,1,True
hard-negatives-only,icu-cyrl-latn+jaro-winkler,given:exonym,recall,21,0.3333,14,False
hard-negatives-only,icu-cyrl-latn+jaro-winkler,kazakh:cyrillic-latin,recall,157,0.2739,114,False
hard-negatives-only,icu-cyrl-latn+jaro-winkler,legal-form,recall,530,0.0585,499,False
hard-negatives-only,icu-cyrl-latn+jaro-winkler,order:swapped,recall,24,0.1667,20,False
hard-negatives-only,icu-cyrl-latn+jaro-winkler,patronymic:abbreviated,recall,139,0.0072,138,False
hard-negatives-only,icu-cyrl-latn+jaro-winkler,patronymic:dropped,recall,353,0.0,353,False
hard-negatives-only,icu-cyrl-latn+jaro-winkler,patronymic:form-substituted,recall,105,0.2952,74,False
hard-negatives-only,icu-cyrl-latn+jaro-winkler,patronymic:russified,recall,846,0.357,544,False
hard-negatives-only,icu-cyrl-latn+jaro-winkler,patronymic:turkic,recall,131,0.0229,128,False
hard-negatives-only,icu-cyrl-latn+jaro-winkler,romanisation:ad-hoc,recall,582,0.2474,438,False
hard-negatives-only,icu-cyrl-latn+jaro-winkler,romanisation:ala-lc,recall,16,0.875,2,False
hard-negatives-only,icu-cyrl-latn+jaro-winkler,romanisation:be-bgn,recall,29,0.0345,28,False
hard-negatives-only,icu-cyrl-latn+jaro-winkler,romanisation:be-latin-ascii,recall,21,0.0952,19,False
hard-negatives-only,icu-cyrl-latn+jaro-winkler,romanisation:bgn,recall,366,0.3989,220,False
hard-negatives-only,icu-cyrl-latn+jaro-winkler,romanisation:diacritics-stripped,recall,150,0.5467,68,False
hard-negatives-only,icu-cyrl-latn+jaro-winkler,romanisation:gost-b,recall,21,0.8095,4,False
hard-negatives-only,icu-cyrl-latn+jaro-winkler,romanisation:icao,recall,128,0.4453,71,False
hard-negatives-only,icu-cyrl-latn+jaro-winkler,romanisation:iso9,recall,51,0.9412,3,False
hard-negatives-only,icu-cyrl-latn+jaro-winkler,romanisation:kk-latin2021,recall,5,0.0,5,True
hard-negatives-only,icu-cyrl-latn+jaro-winkler,romanisation:ru-mediated,recall,95,0.2421,72,False
hard-negatives-only,icu-cyrl-latn+jaro-winkler,romanisation:scholarly,recall,19,0.8947,2,False
hard-negatives-only,icu-cyrl-latn+jaro-winkler,romanisation:tg-bgn,recall,31,0.6129,12,False
hard-negatives-only,icu-cyrl-latn+jaro-winkler,romanisation:uk-kmu55,recall,63,0.1429,54,False
hard-negatives-only,icu-cyrl-latn+jaro-winkler,romanisation:unattributed-variant,recall,550,0.2455,415,False
hard-negatives-only,icu-cyrl-latn+jaro-winkler,romanisation:uz-latin1995,recall,121,0.5041,60,False
hard-negatives-only,icu-cyrl-latn+jaro-winkler,script:same,recall,550,0.2455,415,False
hard-negatives-only,icu-cyrl-latn+jaro-winkler,synthetic,recall,745,0.4738,392,False
hard-negatives-only,icu-cyrl-latn+jaro-winkler,token:abbreviated,recall,5,0.0,5,True
hard-negatives-only,icu-cyrl-latn+jaro-winkler,token:dropped,recall,633,0.0016,632,False
hard-negatives-only,icu-cyrl-latn+jaro-winkler,token:unaligned,recall,383,0.0026,382,False
hard-negatives-only,icu-cyrl-latn+jaro-winkler,uzbek:apostrophe,recall,83,0.3253,56,False
hard-negatives-only,icu-cyrl-latn+jaro-winkler,gender:feminine-form,fpr,380,0.0,0,False
hard-negatives-only,icu-cyrl-latn+jaro-winkler,negative:gender-pair,fpr,380,0.0,0,False
hard-negatives-only,icu-cyrl-latn+jaro-winkler,negative:patronymic-collision,fpr,166,0.0,0,False
hard-negatives-only,icu-cyrl-latn+jaro-winkler,negative:romanisation-collision,fpr,341,0.0,0,False
hard-negatives-only,icu-cyrl-latn+jaro-winkler,negative:same-surname,fpr,650,0.0,0,False
hard-negatives-only,icu-cyrl-latn+jaro-winkler,negative:similar-string,fpr,1365,0.0132,18,False
hard-negatives-only,icu-cyrl-latn+jaro-winkler,patronymic:russified,fpr,166,0.0,0,False
hard-negatives-only,icu-any-latin-ascii+jaro-winkler,corruption:mixed-script-homoglyph,recall,52,0.1154,46,False
hard-negatives-only,icu-any-latin-ascii+jaro-winkler,gender:feminine-form,recall,1,0.0,1,True
hard-negatives-only,icu-any-latin-ascii+jaro-winkler,gender:stripped,recall,1,0.0,1,True
hard-negatives-only,icu-any-latin-ascii+jaro-winkler,given:diminutive,recall,1,0.0,1,True
hard-negatives-only,icu-any-latin-ascii+jaro-winkler,given:exonym,recall,21,0.4762,11,False
hard-negatives-only,icu-any-latin-ascii+jaro-winkler,kazakh:cyrillic-latin,recall,157,0.3885,96,False
hard-negatives-only,icu-any-latin-ascii+jaro-winkler,legal-form,recall,530,0.0547,501,False
hard-negatives-only,icu-any-latin-ascii+jaro-winkler,order:swapped,recall,24,0.3333,16,False
hard-negatives-only,icu-any-latin-ascii+jaro-winkler,patronymic:abbreviated,recall,139,0.0072,138,False
hard-negatives-only,icu-any-latin-ascii+jaro-winkler,patronymic:dropped,recall,353,0.0,353,False
hard-negatives-only,icu-any-latin-ascii+jaro-winkler,patronymic:form-substituted,recall,105,0.3905,64,False
hard-negatives-only,icu-any-latin-ascii+jaro-winkler,patronymic:russified,recall,846,0.3889,517,False
hard-negatives-only,icu-any-latin-ascii+jaro-winkler,patronymic:turkic,recall,131,0.0611,123,False
hard-negatives-only,icu-any-latin-ascii+jaro-winkler,romanisation:ad-hoc,recall,582,0.3213,395,False
hard-negatives-only,icu-any-latin-ascii+jaro-winkler,romanisation:ala-lc,recall,16,0.875,2,False
hard-negatives-only,icu-any-latin-ascii+jaro-winkler,romanisation:be-bgn,recall,29,0.3793,18,False
hard-negatives-only,icu-any-latin-ascii+jaro-winkler,romanisation:be-latin-ascii,recall,21,0.5714,9,False
hard-negatives-only,icu-any-latin-ascii+jaro-winkler,romanisation:bgn,recall,366,0.4536,200,False
hard-negatives-only,icu-any-latin-ascii+jaro-winkler,romanisation:diacritics-stripped,recall,150,0.76,36,False
hard-negatives-only,icu-any-latin-ascii+jaro-winkler,romanisation:gost-b,recall,21,0.9048,2,False
hard-negatives-only,icu-any-latin-ascii+jaro-winkler,romanisation:icao,recall,128,0.5,64,False
hard-negatives-only,icu-any-latin-ascii+jaro-winkler,romanisation:iso9,recall,51,0.9608,2,False
hard-negatives-only,icu-any-latin-ascii+jaro-winkler,romanisation:kk-latin2021,recall,5,0.0,5,True
hard-negatives-only,icu-any-latin-ascii+jaro-winkler,romanisation:ru-mediated,recall,95,0.5263,45,False
hard-negatives-only,icu-any-latin-ascii+jaro-winkler,romanisation:scholarly,recall,19,1.0,0,False
hard-negatives-only,icu-any-latin-ascii+jaro-winkler,romanisation:tg-bgn,recall,31,0.8065,6,False
hard-negatives-only,icu-any-latin-ascii+jaro-winkler,romanisation:uk-kmu55,recall,63,0.254,47,False
hard-negatives-only,icu-any-latin-ascii+jaro-winkler,romanisation:unattributed-variant,recall,550,0.2255,426,False
hard-negatives-only,icu-any-latin-ascii+jaro-winkler,romanisation:uz-latin1995,recall,121,0.438,68,False
hard-negatives-only,icu-any-latin-ascii+jaro-winkler,script:same,recall,550,0.2255,426,False
hard-negatives-only,icu-any-latin-ascii+jaro-winkler,synthetic,recall,745,0.5919,304,False
hard-negatives-only,icu-any-latin-ascii+jaro-winkler,token:abbreviated,recall,5,0.0,5,True
hard-negatives-only,icu-any-latin-ascii+jaro-winkler,token:dropped,recall,633,0.0,633,False
hard-negatives-only,icu-any-latin-ascii+jaro-winkler,token:unaligned,recall,383,0.0,383,False
hard-negatives-only,icu-any-latin-ascii+jaro-winkler,uzbek:apostrophe,recall,83,0.2169,65,False
hard-negatives-only,icu-any-latin-ascii+jaro-winkler,gender:feminine-form,fpr,380,0.0,0,False
hard-negatives-only,icu-any-latin-ascii+jaro-winkler,negative:gender-pair,fpr,380,0.0,0,False
hard-negatives-only,icu-any-latin-ascii+jaro-winkler,negative:patronymic-collision,fpr,166,0.0,0,False
hard-negatives-only,icu-any-latin-ascii+jaro-winkler,negative:romanisation-collision,fpr,341,0.0,0,False
hard-negatives-only,icu-any-latin-ascii+jaro-winkler,negative:same-surname,fpr,650,0.0,0,False
hard-negatives-only,icu-any-latin-ascii+jaro-winkler,negative:similar-string,fpr,1365,0.0139,19,False
hard-negatives-only,icu-any-latin-ascii+jaro-winkler,patronymic:russified,fpr,166,0.0,0,False
hard-negatives-only,icu-any-latin-ascii+levenshtein,corruption:mixed-script-homoglyph,recall,52,0.0577,49,False
hard-negatives-only,icu-any-latin-ascii+levenshtein,gender:feminine-form,recall,1,0.0,1,True
hard-negatives-only,icu-any-latin-ascii+levenshtein,gender:stripped,recall,1,0.0,1,True
hard-negatives-only,icu-any-latin-ascii+levenshtein,given:diminutive,recall,1,0.0,1,True
hard-negatives-only,icu-any-latin-ascii+levenshtein,given:exonym,recall,21,0.1429,18,False
hard-negatives-only,icu-any-latin-ascii+levenshtein,kazakh:cyrillic-latin,recall,157,0.465,84,False
hard-negatives-only,icu-any-latin-ascii+levenshtein,legal-form,recall,530,0.0509,503,False
hard-negatives-only,icu-any-latin-ascii+levenshtein,order:swapped,recall,24,0.2917,17,False
hard-negatives-only,icu-any-latin-ascii+levenshtein,patronymic:abbreviated,recall,139,0.0072,138,False
hard-negatives-only,icu-any-latin-ascii+levenshtein,patronymic:dropped,recall,353,0.0,353,False
hard-negatives-only,icu-any-latin-ascii+levenshtein,patronymic:form-substituted,recall,105,0.3333,70,False
hard-negatives-only,icu-any-latin-ascii+levenshtein,patronymic:russified,recall,846,0.3499,550,False
hard-negatives-only,icu-any-latin-ascii+levenshtein,patronymic:turkic,recall,131,0.0534,124,False
hard-negatives-only,icu-any-latin-ascii+levenshtein,romanisation:ad-hoc,recall,582,0.2629,429,False
hard-negatives-only,icu-any-latin-ascii+levenshtein,romanisation:ala-lc,recall,16,0.875,2,False
hard-negatives-only,icu-any-latin-ascii+levenshtein,romanisation:be-bgn,recall,29,0.2759,21,False
hard-negatives-only,icu-any-latin-ascii+levenshtein,romanisation:be-latin-ascii,recall,21,0.4762,11,False
hard-negatives-only,icu-any-latin-ascii+levenshtein,romanisation:bgn,recall,366,0.4454,203,False
hard-negatives-only,icu-any-latin-ascii+levenshtein,romanisation:diacritics-stripped,recall,150,0.8,30,False
hard-negatives-only,icu-any-latin-ascii+levenshtein,romanisation:gost-b,recall,21,0.9048,2,False
hard-negatives-only,icu-any-latin-ascii+levenshtein,romanisation:icao,recall,128,0.4609,69,False
hard-negatives-only,icu-any-latin-ascii+levenshtein,romanisation:iso9,recall,51,0.9608,2,False
hard-negatives-only,icu-any-latin-ascii+levenshtein,romanisation:kk-latin2021,recall,5,0.0,5,True
hard-negatives-only,icu-any-latin-ascii+levenshtein,romanisation:ru-mediated,recall,95,0.5474,43,False
hard-negatives-only,icu-any-latin-ascii+levenshtein,romanisation:scholarly,recall,19,1.0,0,False
hard-negatives-only,icu-any-latin-ascii+levenshtein,romanisation:tg-bgn,recall,31,0.7742,7,False
hard-negatives-only,icu-any-latin-ascii+levenshtein,romanisation:uk-kmu55,recall,63,0.254,47,False
hard-negatives-only,icu-any-latin-ascii+levenshtein,romanisation:unattributed-variant,recall,550,0.2073,436,False
hard-negatives-only,icu-any-latin-ascii+levenshtein,romanisation:uz-latin1995,recall,121,0.4959,61,False
hard-negatives-only,icu-any-latin-ascii+levenshtein,script:same,recall,550,0.2073,436,False
hard-negatives-only,icu-any-latin-ascii+levenshtein,synthetic,recall,745,0.6081,292,False
hard-negatives-only,icu-any-latin-ascii+levenshtein,token:abbreviated,recall,5,0.0,5,True
hard-negatives-only,icu-any-latin-ascii+levenshtein,token:dropped,recall,633,0.0,633,False
hard-negatives-only,icu-any-latin-ascii+levenshtein,token:unaligned,recall,383,0.0,383,False
hard-negatives-only,icu-any-latin-ascii+levenshtein,uzbek:apostrophe,recall,83,0.3373,55,False
hard-negatives-only,icu-any-latin-ascii+levenshtein,gender:feminine-form,fpr,380,0.0,0,False
hard-negatives-only,icu-any-latin-ascii+levenshtein,negative:gender-pair,fpr,380,0.0,0,False
hard-negatives-only,icu-any-latin-ascii+levenshtein,negative:patronymic-collision,fpr,166,0.0,0,False
hard-negatives-only,icu-any-latin-ascii+levenshtein,negative:romanisation-collision,fpr,341,0.0,0,False
hard-negatives-only,icu-any-latin-ascii+levenshtein,negative:same-surname,fpr,650,0.0,0,False
hard-negatives-only,icu-any-latin-ascii+levenshtein,negative:similar-string,fpr,1365,0.0125,17,False
hard-negatives-only,icu-any-latin-ascii+levenshtein,patronymic:russified,fpr,166,0.0,0,False
hard-negatives-only,icu+soundex,corruption:mixed-script-homoglyph,recall,52,0.1154,46,False
hard-negatives-only,icu+soundex,gender:feminine-form,recall,1,0.0,1,True
hard-negatives-only,icu+soundex,gender:stripped,recall,1,0.0,1,True
hard-negatives-only,icu+soundex,given:diminutive,recall,1,0.0,1,True
hard-negatives-only,icu+soundex,given:exonym,recall,21,0.4286,12,False
hard-negatives-only,icu+soundex,kazakh:cyrillic-latin,recall,157,0.3376,104,False
hard-negatives-only,icu+soundex,legal-form,recall,530,0.0547,501,False
hard-negatives-only,icu+soundex,order:swapped,recall,24,0.25,18,False
hard-negatives-only,icu+soundex,patronymic:abbreviated,recall,139,0.0072,138,False
hard-negatives-only,icu+soundex,patronymic:dropped,recall,353,0.017,347,False
hard-negatives-only,icu+soundex,patronymic:form-substituted,recall,105,0.2857,75,False
hard-negatives-only,icu+soundex,patronymic:russified,recall,846,0.279,610,False
hard-negatives-only,icu+soundex,patronymic:turkic,recall,131,0.0687,122,False
hard-negatives-only,icu+soundex,romanisation:ad-hoc,recall,582,0.232,447,False
hard-negatives-only,icu+soundex,romanisation:ala-lc,recall,16,0.6875,5,False
hard-negatives-only,icu+soundex,romanisation:be-bgn,recall,29,0.2414,22,False
hard-negatives-only,icu+soundex,romanisation:be-latin-ascii,recall,21,0.3333,14,False
hard-negatives-only,icu+soundex,romanisation:bgn,recall,366,0.2951,258,False
hard-negatives-only,icu+soundex,romanisation:diacritics-stripped,recall,150,0.5733,64,False
hard-negatives-only,icu+soundex,romanisation:gost-b,recall,21,0.7619,5,False
hard-negatives-only,icu+soundex,romanisation:icao,recall,128,0.3203,87,False
hard-negatives-only,icu+soundex,romanisation:iso9,recall,51,0.9608,2,False
hard-negatives-only,icu+soundex,romanisation:kk-latin2021,recall,5,0.0,5,True
hard-negatives-only,icu+soundex,romanisation:ru-mediated,recall,95,0.4526,52,False
hard-negatives-only,icu+soundex,romanisation:scholarly,recall,19,0.5263,9,False
hard-negatives-only,icu+soundex,romanisation:tg-bgn,recall,31,0.3871,19,False
hard-negatives-only,icu+soundex,romanisation:uk-kmu55,recall,63,0.1587,53,False
hard-negatives-only,icu+soundex,romanisation:unattributed-variant,recall,550,0.2218,428,False
hard-negatives-only,icu+soundex,romanisation:uz-latin1995,recall,121,0.4876,62,False
hard-negatives-only,icu+soundex,script:same,recall,550,0.2218,428,False
hard-negatives-only,icu+soundex,synthetic,recall,745,0.4752,391,False
hard-negatives-only,icu+soundex,token:abbreviated,recall,5,0.0,5,True
hard-negatives-only,icu+soundex,token:dropped,recall,633,0.0221,619,False
hard-negatives-only,icu+soundex,token:unaligned,recall,383,0.0131,378,False
hard-negatives-only,icu+soundex,uzbek:apostrophe,recall,83,0.4578,45,False
hard-negatives-only,icu+soundex,gender:feminine-form,fpr,380,0.0,0,False
hard-negatives-only,icu+soundex,negative:gender-pair,fpr,380,0.0,0,False
hard-negatives-only,icu+soundex,negative:patronymic-collision,fpr,166,0.0,0,False
hard-negatives-only,icu+soundex,negative:romanisation-collision,fpr,341,0.0,0,False
hard-negatives-only,icu+soundex,negative:same-surname,fpr,650,0.0031,2,False
hard-negatives-only,icu+soundex,negative:similar-string,fpr,1365,0.0073,10,False
hard-negatives-only,icu+soundex,patronymic:russified,fpr,166,0.0,0,False
hard-negatives-only,icu+double-metaphone,corruption:mixed-script-homoglyph,recall,52,0.0769,48,False
hard-negatives-only,icu+double-metaphone,gender:feminine-form,recall,1,0.0,1,True
hard-negatives-only,icu+double-metaphone,gender:stripped,recall,1,0.0,1,True
hard-negatives-only,icu+double-metaphone,given:diminutive,recall,1,0.0,1,True
hard-negatives-only,icu+double-metaphone,given:exonym,recall,21,0.3333,14,False
hard-negatives-only,icu+double-metaphone,kazakh:cyrillic-latin,recall,157,0.3631,100,False
hard-negatives-only,icu+double-metaphone,legal-form,recall,530,0.0981,478,False
hard-negatives-only,icu+double-metaphone,order:swapped,recall,24,0.4583,13,False
hard-negatives-only,icu+double-metaphone,patronymic:abbreviated,recall,139,0.0504,132,False
hard-negatives-only,icu+double-metaphone,patronymic:dropped,recall,353,0.2635,260,False
hard-negatives-only,icu+double-metaphone,patronymic:form-substituted,recall,105,0.1333,91,False
hard-negatives-only,icu+double-metaphone,patronymic:russified,recall,846,0.3109,583,False
hard-negatives-only,icu+double-metaphone,patronymic:turkic,recall,131,0.1756,108,False
hard-negatives-only,icu+double-metaphone,romanisation:ad-hoc,recall,582,0.1753,480,False
hard-negatives-only,icu+double-metaphone,romanisation:ala-lc,recall,16,0.3125,11,False
hard-negatives-only,icu+double-metaphone,romanisation:be-bgn,recall,29,0.1724,24,False
hard-negatives-only,icu+double-metaphone,romanisation:be-latin-ascii,recall,21,0.2381,16,False
hard-negatives-only,icu+double-metaphone,romanisation:bgn,recall,366,0.2596,271,False
hard-negatives-only,icu+double-metaphone,romanisation:diacritics-stripped,recall,150,0.6467,53,False
hard-negatives-only,icu+double-metaphone,romanisation:gost-b,recall,21,0.4762,11,False
hard-negatives-only,icu+double-metaphone,romanisation:icao,recall,128,0.25,96,False
hard-negatives-only,icu+double-metaphone,romanisation:iso9,recall,51,0.9608,2,False
hard-negatives-only,icu+double-metaphone,romanisation:kk-latin2021,recall,5,0.4,3,True
hard-negatives-only,icu+double-metaphone,romanisation:ru-mediated,recall,95,0.2842,68,False
hard-negatives-only,icu+double-metaphone,romanisation:scholarly,recall,19,0.7895,4,False
hard-negatives-only,icu+double-metaphone,romanisation:tg-bgn,recall,31,0.4194,18,False
hard-negatives-only,icu+double-metaphone,romanisation:uk-kmu55,recall,63,0.1746,52,False
hard-negatives-only,icu+double-metaphone,romanisation:unattributed-variant,recall,550,0.3327,367,False
hard-negatives-only,icu+double-metaphone,romanisation:uz-latin1995,recall,121,0.2893,86,False
hard-negatives-only,icu+double-metaphone,script:same,recall,550,0.3327,367,False
hard-negatives-only,icu+double-metaphone,synthetic,recall,745,0.3772,464,False
hard-negatives-only,icu+double-metaphone,token:abbreviated,recall,5,0.0,5,True
hard-negatives-only,icu+double-metaphone,token:dropped,recall,633,0.0727,587,False
hard-negatives-only,icu+double-metaphone,token:unaligned,recall,383,0.0261,373,False
hard-negatives-only,icu+double-metaphone,uzbek:apostrophe,recall,83,0.2289,64,False
hard-negatives-only,icu+double-metaphone,gender:feminine-form,fpr,380,0.0,0,False
hard-negatives-only,icu+double-metaphone,negative:gender-pair,fpr,380,0.0,0,False
hard-negatives-only,icu+double-metaphone,negative:patronymic-collision,fpr,166,0.0,0,False
hard-negatives-only,icu+double-metaphone,negative:romanisation-collision,fpr,341,0.0088,3,False
hard-negatives-only,icu+double-metaphone,negative:same-surname,fpr,650,0.0015,1,False
hard-negatives-only,icu+double-metaphone,negative:similar-string,fpr,1365,0.0073,10,False
hard-negatives-only,icu+double-metaphone,patronymic:russified,fpr,166,0.0,0,False
hard-negatives-only,nomenklatura/logic-v1,corruption:mixed-script-homoglyph,recall,52,0.1731,43,False
hard-negatives-only,nomenklatura/logic-v1,gender:feminine-form,recall,1,0.0,1,True
hard-negatives-only,nomenklatura/logic-v1,gender:stripped,recall,1,0.0,1,True
hard-negatives-only,nomenklatura/logic-v1,given:diminutive,recall,1,0.0,1,True
hard-negatives-only,nomenklatura/logic-v1,given:exonym,recall,21,0.0,21,False
hard-negatives-only,nomenklatura/logic-v1,kazakh:cyrillic-latin,recall,157,0.3631,100,False
hard-negatives-only,nomenklatura/logic-v1,legal-form,recall,530,0.3585,340,False
hard-negatives-only,nomenklatura/logic-v1,order:swapped,recall,24,0.4583,13,False
hard-negatives-only,nomenklatura/logic-v1,patronymic:abbreviated,recall,139,0.0072,138,False
hard-negatives-only,nomenklatura/logic-v1,patronymic:dropped,recall,353,0.1048,316,False
hard-negatives-only,nomenklatura/logic-v1,patronymic:form-substituted,recall,105,0.2571,78,False
hard-negatives-only,nomenklatura/logic-v1,patronymic:russified,recall,846,0.3582,543,False
hard-negatives-only,nomenklatura/logic-v1,patronymic:turkic,recall,131,0.0076,130,False
hard-negatives-only,nomenklatura/logic-v1,romanisation:ad-hoc,recall,582,0.2887,414,False
hard-negatives-only,nomenklatura/logic-v1,romanisation:ala-lc,recall,16,0.75,4,False
hard-negatives-only,nomenklatura/logic-v1,romanisation:be-bgn,recall,29,0.2759,21,False
hard-negatives-only,nomenklatura/logic-v1,romanisation:be-latin-ascii,recall,21,0.5238,10,False
hard-negatives-only,nomenklatura/logic-v1,romanisation:bgn,recall,366,0.5683,158,False
hard-negatives-only,nomenklatura/logic-v1,romanisation:diacritics-stripped,recall,150,0.7467,38,False
hard-negatives-only,nomenklatura/logic-v1,romanisation:gost-b,recall,21,0.8571,3,False
hard-negatives-only,nomenklatura/logic-v1,romanisation:icao,recall,128,0.6328,47,False
hard-negatives-only,nomenklatura/logic-v1,romanisation:iso9,recall,51,0.9804,1,False
hard-negatives-only,nomenklatura/logic-v1,romanisation:kk-latin2021,recall,5,0.0,5,True
hard-negatives-only,nomenklatura/logic-v1,romanisation:ru-mediated,recall,95,0.4842,49,False
hard-negatives-only,nomenklatura/logic-v1,romanisation:scholarly,recall,19,0.9474,1,False
hard-negatives-only,nomenklatura/logic-v1,romanisation:tg-bgn,recall,31,0.7097,9,False
hard-negatives-only,nomenklatura/logic-v1,romanisation:uk-kmu55,recall,63,0.2698,46,False
hard-negatives-only,nomenklatura/logic-v1,romanisation:unattributed-variant,recall,550,0.4345,311,False
hard-negatives-only,nomenklatura/logic-v1,romanisation:uz-latin1995,recall,121,0.562,53,False
hard-negatives-only,nomenklatura/logic-v1,script:same,recall,550,0.4345,311,False
hard-negatives-only,nomenklatura/logic-v1,synthetic,recall,745,0.5705,320,False
hard-negatives-only,nomenklatura/logic-v1,token:abbreviated,recall,5,0.2,4,True
hard-negatives-only,nomenklatura/logic-v1,token:dropped,recall,633,0.2638,466,False
hard-negatives-only,nomenklatura/logic-v1,token:unaligned,recall,383,0.2715,279,False
hard-negatives-only,nomenklatura/logic-v1,uzbek:apostrophe,recall,83,0.4819,43,False
hard-negatives-only,nomenklatura/logic-v1,gender:feminine-form,fpr,380,0.0026,1,False
hard-negatives-only,nomenklatura/logic-v1,negative:gender-pair,fpr,380,0.0026,1,False
hard-negatives-only,nomenklatura/logic-v1,negative:patronymic-collision,fpr,166,0.0,0,False
hard-negatives-only,nomenklatura/logic-v1,negative:romanisation-collision,fpr,341,0.0,0,False
hard-negatives-only,nomenklatura/logic-v1,negative:same-surname,fpr,650,0.0,0,False
hard-negatives-only,nomenklatura/logic-v1,negative:similar-string,fpr,1365,0.0117,16,False
hard-negatives-only,nomenklatura/logic-v1,patronymic:russified,fpr,166,0.0,0,False
hard-negatives-only,nomenklatura/logic-v2,corruption:mixed-script-homoglyph,recall,52,0.5577,23,False
hard-negatives-only,nomenklatura/logic-v2,gender:feminine-form,recall,1,0.0,1,True
hard-negatives-only,nomenklatura/logic-v2,gender:stripped,recall,1,0.0,1,True
hard-negatives-only,nomenklatura/logic-v2,given:diminutive,recall,1,0.0,1,True
hard-negatives-only,nomenklatura/logic-v2,given:exonym,recall,21,0.9048,2,False
hard-negatives-only,nomenklatura/logic-v2,kazakh:cyrillic-latin,recall,157,0.5924,64,False
hard-negatives-only,nomenklatura/logic-v2,legal-form,recall,530,0.534,247,False
hard-negatives-only,nomenklatura/logic-v2,order:swapped,recall,24,0.625,9,False
hard-negatives-only,nomenklatura/logic-v2,patronymic:abbreviated,recall,139,0.1367,120,False
hard-negatives-only,nomenklatura/logic-v2,patronymic:dropped,recall,353,0.2096,279,False
hard-negatives-only,nomenklatura/logic-v2,patronymic:form-substituted,recall,105,0.4381,59,False
hard-negatives-only,nomenklatura/logic-v2,patronymic:russified,recall,846,0.5059,418,False
hard-negatives-only,nomenklatura/logic-v2,patronymic:turkic,recall,131,0.1527,111,False
hard-negatives-only,nomenklatura/logic-v2,romanisation:ad-hoc,recall,582,0.4897,297,False
hard-negatives-only,nomenklatura/logic-v2,romanisation:ala-lc,recall,16,0.875,2,False
hard-negatives-only,nomenklatura/logic-v2,romanisation:be-bgn,recall,29,0.4138,17,False
hard-negatives-only,nomenklatura/logic-v2,romanisation:be-latin-ascii,recall,21,0.7143,6,False
hard-negatives-only,nomenklatura/logic-v2,romanisation:bgn,recall,366,0.7568,89,False
hard-negatives-only,nomenklatura/logic-v2,romanisation:diacritics-stripped,recall,150,0.84,24,False
hard-negatives-only,nomenklatura/logic-v2,romanisation:gost-b,recall,21,0.9048,2,False
hard-negatives-only,nomenklatura/logic-v2,romanisation:icao,recall,128,0.7734,29,False
hard-negatives-only,nomenklatura/logic-v2,romanisation:iso9,recall,51,0.9608,2,False
hard-negatives-only,nomenklatura/logic-v2,romanisation:kk-latin2021,recall,5,0.2,4,True
hard-negatives-only,nomenklatura/logic-v2,romanisation:ru-mediated,recall,95,0.5684,41,False
hard-negatives-only,nomenklatura/logic-v2,romanisation:scholarly,recall,19,1.0,0,False
hard-negatives-only,nomenklatura/logic-v2,romanisation:tg-bgn,recall,31,0.871,4,False
hard-negatives-only,nomenklatura/logic-v2,romanisation:uk-kmu55,recall,63,0.4603,34,False
hard-negatives-only,nomenklatura/logic-v2,romanisation:unattributed-variant,recall,550,0.4982,276,False
hard-negatives-only,nomenklatura/logic-v2,romanisation:uz-latin1995,recall,121,0.6364,44,False
hard-negatives-only,nomenklatura/logic-v2,script:same,recall,550,0.4982,276,False
hard-negatives-only,nomenklatura/logic-v2,synthetic,recall,745,0.6872,233,False
hard-negatives-only,nomenklatura/logic-v2,token:abbreviated,recall,5,0.4,3,True
hard-negatives-only,nomenklatura/logic-v2,token:dropped,recall,633,0.4186,368,False
hard-negatives-only,nomenklatura/logic-v2,token:unaligned,recall,383,0.4517,210,False
hard-negatives-only,nomenklatura/logic-v2,uzbek:apostrophe,recall,83,0.5663,36,False
hard-negatives-only,nomenklatura/logic-v2,gender:feminine-form,fpr,380,0.0,0,False
hard-negatives-only,nomenklatura/logic-v2,negative:gender-pair,fpr,380,0.0,0,False
hard-negatives-only,nomenklatura/logic-v2,negative:patronymic-collision,fpr,166,0.0,0,False
hard-negatives-only,nomenklatura/logic-v2,negative:romanisation-collision,fpr,341,0.0,0,False
hard-negatives-only,nomenklatura/logic-v2,negative:same-surname,fpr,650,0.0015,1,False
hard-negatives-only,nomenklatura/logic-v2,negative:similar-string,fpr,1365,0.0125,17,False
hard-negatives-only,nomenklatura/logic-v2,patronymic:russified,fpr,166,0.0,0,False
hard-negatives-only,nomenklatura/name-based,corruption:mixed-script-homoglyph,recall,52,0.1538,44,False
hard-negatives-only,nomenklatura/name-based,gender:feminine-form,recall,1,0.0,1,True
hard-negatives-only,nomenklatura/name-based,gender:stripped,recall,1,0.0,1,True
hard-negatives-only,nomenklatura/name-based,given:diminutive,recall,1,0.0,1,True
hard-negatives-only,nomenklatura/name-based,given:exonym,recall,21,0.5238,10,False
hard-negatives-only,nomenklatura/name-based,kazakh:cyrillic-latin,recall,157,0.3185,107,False
hard-negatives-only,nomenklatura/name-based,legal-form,recall,530,0.2453,400,False
hard-negatives-only,nomenklatura/name-based,order:swapped,recall,24,0.5,12,False
hard-negatives-only,nomenklatura/name-based,patronymic:abbreviated,recall,139,0.0288,135,False
hard-negatives-only,nomenklatura/name-based,patronymic:dropped,recall,353,0.3909,215,False
hard-negatives-only,nomenklatura/name-based,patronymic:form-substituted,recall,105,0.3143,72,False
hard-negatives-only,nomenklatura/name-based,patronymic:russified,recall,846,0.4574,459,False
hard-negatives-only,nomenklatura/name-based,patronymic:turkic,recall,131,0.1756,108,False
hard-negatives-only,nomenklatura/name-based,romanisation:ad-hoc,recall,582,0.3007,407,False
hard-negatives-only,nomenklatura/name-based,romanisation:ala-lc,recall,16,0.75,4,False
hard-negatives-only,nomenklatura/name-based,romanisation:be-bgn,recall,29,0.3448,19,False
hard-negatives-only,nomenklatura/name-based,romanisation:be-latin-ascii,recall,21,0.4286,12,False
hard-negatives-only,nomenklatura/name-based,romanisation:bgn,recall,366,0.4208,212,False
hard-negatives-only,nomenklatura/name-based,romanisation:diacritics-stripped,recall,150,0.7133,43,False
hard-negatives-only,nomenklatura/name-based,romanisation:gost-b,recall,21,0.8095,4,False
hard-negatives-only,nomenklatura/name-based,romanisation:icao,recall,128,0.5469,58,False
hard-negatives-only,nomenklatura/name-based,romanisation:iso9,recall,51,0.9608,2,False
hard-negatives-only,nomenklatura/name-based,romanisation:kk-latin2021,recall,5,0.2,4,True
hard-negatives-only,nomenklatura/name-based,romanisation:ru-mediated,recall,95,0.5474,43,False
hard-negatives-only,nomenklatura/name-based,romanisation:scholarly,recall,19,0.8421,3,False
hard-negatives-only,nomenklatura/name-based,romanisation:tg-bgn,recall,31,0.2258,24,False
hard-negatives-only,nomenklatura/name-based,romanisation:uk-kmu55,recall,63,0.2698,46,False
hard-negatives-only,nomenklatura/name-based,romanisation:unattributed-variant,recall,550,0.4527,301,False
hard-negatives-only,nomenklatura/name-based,romanisation:uz-latin1995,recall,121,0.3802,75,False
hard-negatives-only,nomenklatura/name-based,script:same,recall,550,0.4527,301,False
hard-negatives-only,nomenklatura/name-based,synthetic,recall,745,0.4779,389,False
hard-negatives-only,nomenklatura/name-based,token:abbreviated,recall,5,0.0,5,True
hard-negatives-only,nomenklatura/name-based,token:dropped,recall,633,0.1943,510,False
hard-negatives-only,nomenklatura/name-based,token:unaligned,recall,383,0.1436,328,False
hard-negatives-only,nomenklatura/name-based,uzbek:apostrophe,recall,83,0.3373,55,False
hard-negatives-only,nomenklatura/name-based,gender:feminine-form,fpr,380,0.0,0,False
hard-negatives-only,nomenklatura/name-based,negative:gender-pair,fpr,380,0.0,0,False
hard-negatives-only,nomenklatura/name-based,negative:patronymic-collision,fpr,166,0.006,1,False
hard-negatives-only,nomenklatura/name-based,negative:romanisation-collision,fpr,341,0.0,0,False
hard-negatives-only,nomenklatura/name-based,negative:same-surname,fpr,650,0.0046,3,False
hard-negatives-only,nomenklatura/name-based,negative:similar-string,fpr,1365,0.0132,18,False
hard-negatives-only,nomenklatura/name-based,patronymic:russified,fpr,166,0.006,1,False
hard-negatives-only,nomenklatura/name-qualified,corruption:mixed-script-homoglyph,recall,52,0.1538,44,False
hard-negatives-only,nomenklatura/name-qualified,gender:feminine-form,recall,1,0.0,1,True
hard-negatives-only,nomenklatura/name-qualified,gender:stripped,recall,1,0.0,1,True
hard-negatives-only,nomenklatura/name-qualified,given:diminutive,recall,1,0.0,1,True
hard-negatives-only,nomenklatura/name-qualified,given:exonym,recall,21,0.5238,10,False
hard-negatives-only,nomenklatura/name-qualified,kazakh:cyrillic-latin,recall,157,0.3185,107,False
hard-negatives-only,nomenklatura/name-qualified,legal-form,recall,530,0.2453,400,False
hard-negatives-only,nomenklatura/name-qualified,order:swapped,recall,24,0.5,12,False
hard-negatives-only,nomenklatura/name-qualified,patronymic:abbreviated,recall,139,0.0288,135,False
hard-negatives-only,nomenklatura/name-qualified,patronymic:dropped,recall,353,0.3909,215,False
hard-negatives-only,nomenklatura/name-qualified,patronymic:form-substituted,recall,105,0.3143,72,False
hard-negatives-only,nomenklatura/name-qualified,patronymic:russified,recall,846,0.4574,459,False
hard-negatives-only,nomenklatura/name-qualified,patronymic:turkic,recall,131,0.1756,108,False
hard-negatives-only,nomenklatura/name-qualified,romanisation:ad-hoc,recall,582,0.3007,407,False
hard-negatives-only,nomenklatura/name-qualified,romanisation:ala-lc,recall,16,0.75,4,False
hard-negatives-only,nomenklatura/name-qualified,romanisation:be-bgn,recall,29,0.3448,19,False
hard-negatives-only,nomenklatura/name-qualified,romanisation:be-latin-ascii,recall,21,0.4286,12,False
hard-negatives-only,nomenklatura/name-qualified,romanisation:bgn,recall,366,0.4208,212,False
hard-negatives-only,nomenklatura/name-qualified,romanisation:diacritics-stripped,recall,150,0.7133,43,False
hard-negatives-only,nomenklatura/name-qualified,romanisation:gost-b,recall,21,0.8095,4,False
hard-negatives-only,nomenklatura/name-qualified,romanisation:icao,recall,128,0.5469,58,False
hard-negatives-only,nomenklatura/name-qualified,romanisation:iso9,recall,51,0.9608,2,False
hard-negatives-only,nomenklatura/name-qualified,romanisation:kk-latin2021,recall,5,0.2,4,True
hard-negatives-only,nomenklatura/name-qualified,romanisation:ru-mediated,recall,95,0.5474,43,False
hard-negatives-only,nomenklatura/name-qualified,romanisation:scholarly,recall,19,0.8421,3,False
hard-negatives-only,nomenklatura/name-qualified,romanisation:tg-bgn,recall,31,0.2258,24,False
hard-negatives-only,nomenklatura/name-qualified,romanisation:uk-kmu55,recall,63,0.2698,46,False
hard-negatives-only,nomenklatura/name-qualified,romanisation:unattributed-variant,recall,550,0.4527,301,False
hard-negatives-only,nomenklatura/name-qualified,romanisation:uz-latin1995,recall,121,0.3802,75,False
hard-negatives-only,nomenklatura/name-qualified,script:same,recall,550,0.4527,301,False
hard-negatives-only,nomenklatura/name-qualified,synthetic,recall,745,0.4779,389,False
hard-negatives-only,nomenklatura/name-qualified,token:abbreviated,recall,5,0.0,5,True
hard-negatives-only,nomenklatura/name-qualified,token:dropped,recall,633,0.1943,510,False
hard-negatives-only,nomenklatura/name-qualified,token:unaligned,recall,383,0.1436,328,False
hard-negatives-only,nomenklatura/name-qualified,uzbek:apostrophe,recall,83,0.3373,55,False
hard-negatives-only,nomenklatura/name-qualified,gender:feminine-form,fpr,380,0.0,0,False
hard-negatives-only,nomenklatura/name-qualified,negative:gender-pair,fpr,380,0.0,0,False
hard-negatives-only,nomenklatura/name-qualified,negative:patronymic-collision,fpr,166,0.006,1,False
hard-negatives-only,nomenklatura/name-qualified,negative:romanisation-collision,fpr,341,0.0,0,False
hard-negatives-only,nomenklatura/name-qualified,negative:same-surname,fpr,650,0.0046,3,False
hard-negatives-only,nomenklatura/name-qualified,negative:similar-string,fpr,1365,0.0132,18,False
hard-negatives-only,nomenklatura/name-qualified,patronymic:russified,fpr,166,0.006,1,False
hard-negatives-only,nomenklatura/ofac,corruption:mixed-script-homoglyph,recall,52,0.2308,40,False
hard-negatives-only,nomenklatura/ofac,gender:feminine-form,recall,1,1.0,0,True
hard-negatives-only,nomenklatura/ofac,gender:stripped,recall,1,0.0,1,True
hard-negatives-only,nomenklatura/ofac,given:diminutive,recall,1,0.0,1,True
hard-negatives-only,nomenklatura/ofac,given:exonym,recall,21,0.0,21,False
hard-negatives-only,nomenklatura/ofac,kazakh:cyrillic-latin,recall,157,0.0,157,False
hard-negatives-only,nomenklatura/ofac,legal-form,recall,530,0.4868,272,False
hard-negatives-only,nomenklatura/ofac,order:swapped,recall,24,0.0,24,False
hard-negatives-only,nomenklatura/ofac,patronymic:abbreviated,recall,139,0.0072,138,False
hard-negatives-only,nomenklatura/ofac,patronymic:dropped,recall,353,0.2323,271,False
hard-negatives-only,nomenklatura/ofac,patronymic:form-substituted,recall,105,0.0,105,False
hard-negatives-only,nomenklatura/ofac,patronymic:russified,recall,846,0.2577,628,False
hard-negatives-only,nomenklatura/ofac,patronymic:turkic,recall,131,0.0,131,False
hard-negatives-only,nomenklatura/ofac,romanisation:ad-hoc,recall,582,0.0069,578,False
hard-negatives-only,nomenklatura/ofac,romanisation:ala-lc,recall,16,0.0,16,False
hard-negatives-only,nomenklatura/ofac,romanisation:be-bgn,recall,29,0.0,29,False
hard-negatives-only,nomenklatura/ofac,romanisation:be-latin-ascii,recall,21,0.0,21,False
hard-negatives-only,nomenklatura/ofac,romanisation:bgn,recall,366,0.0246,357,False
hard-negatives-only,nomenklatura/ofac,romanisation:diacritics-stripped,recall,150,0.0,150,False
hard-negatives-only,nomenklatura/ofac,romanisation:gost-b,recall,21,0.0,21,False
hard-negatives-only,nomenklatura/ofac,romanisation:icao,recall,128,0.0234,125,False
hard-negatives-only,nomenklatura/ofac,romanisation:iso9,recall,51,0.0,51,False
hard-negatives-only,nomenklatura/ofac,romanisation:kk-latin2021,recall,5,0.0,5,True
hard-negatives-only,nomenklatura/ofac,romanisation:ru-mediated,recall,95,0.0,95,False
hard-negatives-only,nomenklatura/ofac,romanisation:scholarly,recall,19,0.0,19,False
hard-negatives-only,nomenklatura/ofac,romanisation:tg-bgn,recall,31,0.0,31,False
hard-negatives-only,nomenklatura/ofac,romanisation:uk-kmu55,recall,63,0.0,63,False
hard-negatives-only,nomenklatura/ofac,romanisation:unattributed-variant,recall,550,0.9982,1,False
hard-negatives-only,nomenklatura/ofac,romanisation:uz-latin1995,recall,121,0.0,121,False
hard-negatives-only,nomenklatura/ofac,script:same,recall,550,0.9982,1,False
hard-negatives-only,nomenklatura/ofac,synthetic,recall,745,0.0,745,False
hard-negatives-only,nomenklatura/ofac,token:abbreviated,recall,5,0.0,5,True
hard-negatives-only,nomenklatura/ofac,token:dropped,recall,633,0.4123,372,False
hard-negatives-only,nomenklatura/ofac,token:unaligned,recall,383,0.0287,372,False
hard-negatives-only,nomenklatura/ofac,uzbek:apostrophe,recall,83,0.0,83,False
hard-negatives-only,nomenklatura/ofac,gender:feminine-form,fpr,380,0.0,0,False
hard-negatives-only,nomenklatura/ofac,negative:gender-pair,fpr,380,0.0,0,False
hard-negatives-only,nomenklatura/ofac,negative:patronymic-collision,fpr,166,0.0,0,False
hard-negatives-only,nomenklatura/ofac,negative:romanisation-collision,fpr,341,0.0,0,False
hard-negatives-only,nomenklatura/ofac,negative:same-surname,fpr,650,0.0,0,False
hard-negatives-only,nomenklatura/ofac,negative:similar-string,fpr,1365,0.0,0,False
hard-negatives-only,nomenklatura/ofac,patronymic:russified,fpr,166,0.0,0,False
hard-negatives-only,nomenklatura/regression-v1,corruption:mixed-script-homoglyph,recall,52,0.1346,45,False
hard-negatives-only,nomenklatura/regression-v1,gender:feminine-form,recall,1,0.0,1,True
hard-negatives-only,nomenklatura/regression-v1,gender:stripped,recall,1,0.0,1,True
hard-negatives-only,nomenklatura/regression-v1,given:diminutive,recall,1,0.0,1,True
hard-negatives-only,nomenklatura/regression-v1,given:exonym,recall,21,0.0,21,False
hard-negatives-only,nomenklatura/regression-v1,kazakh:cyrillic-latin,recall,157,0.2803,113,False
hard-negatives-only,nomenklatura/regression-v1,legal-form,recall,530,0.1943,427,False
hard-negatives-only,nomenklatura/regression-v1,order:swapped,recall,24,0.4167,14,False
hard-negatives-only,nomenklatura/regression-v1,patronymic:abbreviated,recall,139,0.1799,114,False
hard-negatives-only,nomenklatura/regression-v1,patronymic:dropped,recall,353,0.1416,303,False
hard-negatives-only,nomenklatura/regression-v1,patronymic:form-substituted,recall,105,0.0857,96,False
hard-negatives-only,nomenklatura/regression-v1,patronymic:russified,recall,846,0.2104,668,False
hard-negatives-only,nomenklatura/regression-v1,patronymic:turkic,recall,131,0.2519,98,False
hard-negatives-only,nomenklatura/regression-v1,romanisation:ad-hoc,recall,582,0.0687,542,False
hard-negatives-only,nomenklatura/regression-v1,romanisation:ala-lc,recall,16,0.375,10,False
hard-negatives-only,nomenklatura/regression-v1,romanisation:be-bgn,recall,29,0.069,27,False
hard-negatives-only,nomenklatura/regression-v1,romanisation:be-latin-ascii,recall,21,0.2381,16,False
hard-negatives-only,nomenklatura/regression-v1,romanisation:bgn,recall,366,0.2623,270,False
hard-negatives-only,nomenklatura/regression-v1,romanisation:diacritics-stripped,recall,150,0.7333,40,False
hard-negatives-only,nomenklatura/regression-v1,romanisation:gost-b,recall,21,0.4286,12,False
hard-negatives-only,nomenklatura/regression-v1,romanisation:icao,recall,128,0.3125,88,False
hard-negatives-only,nomenklatura/regression-v1,romanisation:iso9,recall,51,0.9608,2,False
hard-negatives-only,nomenklatura/regression-v1,romanisation:kk-latin2021,recall,5,0.2,4,True
hard-negatives-only,nomenklatura/regression-v1,romanisation:ru-mediated,recall,95,0.3053,66,False
hard-negatives-only,nomenklatura/regression-v1,romanisation:scholarly,recall,19,0.8947,2,False
hard-negatives-only,nomenklatura/regression-v1,romanisation:tg-bgn,recall,31,0.1935,25,False
hard-negatives-only,nomenklatura/regression-v1,romanisation:uk-kmu55,recall,63,0.1429,54,False
hard-negatives-only,nomenklatura/regression-v1,romanisation:unattributed-variant,recall,550,0.2873,392,False
hard-negatives-only,nomenklatura/regression-v1,romanisation:uz-latin1995,recall,121,0.1074,108,False
hard-negatives-only,nomenklatura/regression-v1,script:same,recall,550,0.2873,392,False
hard-negatives-only,nomenklatura/regression-v1,synthetic,recall,745,0.3839,459,False
hard-negatives-only,nomenklatura/regression-v1,token:abbreviated,recall,5,0.0,5,True
hard-negatives-only,nomenklatura/regression-v1,token:dropped,recall,633,0.1532,536,False
hard-negatives-only,nomenklatura/regression-v1,token:unaligned,recall,383,0.0809,352,False
hard-negatives-only,nomenklatura/regression-v1,uzbek:apostrophe,recall,83,0.0361,80,False
hard-negatives-only,nomenklatura/regression-v1,gender:feminine-form,fpr,380,0.0,0,False
hard-negatives-only,nomenklatura/regression-v1,negative:gender-pair,fpr,380,0.0,0,False
hard-negatives-only,nomenklatura/regression-v1,negative:patronymic-collision,fpr,166,0.0181,3,False
hard-negatives-only,nomenklatura/regression-v1,negative:romanisation-collision,fpr,341,0.0,0,False
hard-negatives-only,nomenklatura/regression-v1,negative:same-surname,fpr,650,0.0123,8,False
hard-negatives-only,nomenklatura/regression-v1,negative:similar-string,fpr,1365,0.0066,9,False
hard-negatives-only,nomenklatura/regression-v1,patronymic:russified,fpr,166,0.0181,3,False
hard-negatives-only,nomenklatura/er-unstable,corruption:mixed-script-homoglyph,recall,52,0.3077,36,False
hard-negatives-only,nomenklatura/er-unstable,gender:feminine-form,recall,1,0.0,1,True
hard-negatives-only,nomenklatura/er-unstable,gender:stripped,recall,1,0.0,1,True
hard-negatives-only,nomenklatura/er-unstable,given:diminutive,recall,1,0.0,1,True
hard-negatives-only,nomenklatura/er-unstable,given:exonym,recall,21,0.0,21,False
hard-negatives-only,nomenklatura/er-unstable,kazakh:cyrillic-latin,recall,157,0.3758,98,False
hard-negatives-only,nomenklatura/er-unstable,legal-form,recall,530,0.3509,344,False
hard-negatives-only,nomenklatura/er-unstable,order:swapped,recall,24,0.5833,10,False
hard-negatives-only,nomenklatura/er-unstable,patronymic:abbreviated,recall,139,0.1727,115,False
hard-negatives-only,nomenklatura/er-unstable,patronymic:dropped,recall,353,0.1416,303,False
hard-negatives-only,nomenklatura/er-unstable,patronymic:form-substituted,recall,105,0.0857,96,False
hard-negatives-only,nomenklatura/er-unstable,patronymic:russified,recall,846,0.2139,665,False
hard-negatives-only,nomenklatura/er-unstable,patronymic:turkic,recall,131,0.2519,98,False
hard-negatives-only,nomenklatura/er-unstable,romanisation:ad-hoc,recall,582,0.1735,481,False
hard-negatives-only,nomenklatura/er-unstable,romanisation:ala-lc,recall,16,0.5,8,False
hard-negatives-only,nomenklatura/er-unstable,romanisation:be-bgn,recall,29,0.1034,26,False
hard-negatives-only,nomenklatura/er-unstable,romanisation:be-latin-ascii,recall,21,0.381,13,False
hard-negatives-only,nomenklatura/er-unstable,romanisation:bgn,recall,366,0.4617,197,False
hard-negatives-only,nomenklatura/er-unstable,romanisation:diacritics-stripped,recall,150,0.7667,35,False
hard-negatives-only,nomenklatura/er-unstable,romanisation:gost-b,recall,21,0.5238,10,False
hard-negatives-only,nomenklatura/er-unstable,romanisation:icao,recall,128,0.4531,70,False
hard-negatives-only,nomenklatura/er-unstable,romanisation:iso9,recall,51,1.0,0,False
hard-negatives-only,nomenklatura/er-unstable,romanisation:kk-latin2021,recall,5,0.2,4,True
hard-negatives-only,nomenklatura/er-unstable,romanisation:ru-mediated,recall,95,0.5053,47,False
hard-negatives-only,nomenklatura/er-unstable,romanisation:scholarly,recall,19,0.8947,2,False
hard-negatives-only,nomenklatura/er-unstable,romanisation:tg-bgn,recall,31,0.6129,12,False
hard-negatives-only,nomenklatura/er-unstable,romanisation:uk-kmu55,recall,63,0.2063,50,False
hard-negatives-only,nomenklatura/er-unstable,romanisation:unattributed-variant,recall,550,0.32,374,False
hard-negatives-only,nomenklatura/er-unstable,romanisation:uz-latin1995,recall,121,0.5372,56,False
hard-negatives-only,nomenklatura/er-unstable,script:same,recall,550,0.32,374,False
hard-negatives-only,nomenklatura/er-unstable,synthetic,recall,745,0.5154,361,False
hard-negatives-only,nomenklatura/er-unstable,token:abbreviated,recall,5,0.4,3,True
hard-negatives-only,nomenklatura/er-unstable,token:dropped,recall,633,0.2686,463,False
hard-negatives-only,nomenklatura/er-unstable,token:unaligned,recall,383,0.2585,284,False
hard-negatives-only,nomenklatura/er-unstable,uzbek:apostrophe,recall,83,0.4458,46,False
hard-negatives-only,nomenklatura/er-unstable,gender:feminine-form,fpr,380,0.0,0,False
hard-negatives-only,nomenklatura/er-unstable,negative:gender-pair,fpr,380,0.0,0,False
hard-negatives-only,nomenklatura/er-unstable,negative:patronymic-collision,fpr,166,0.0,0,False
hard-negatives-only,nomenklatura/er-unstable,negative:romanisation-collision,fpr,341,0.0,0,False
hard-negatives-only,nomenklatura/er-unstable,negative:same-surname,fpr,650,0.0,0,False
hard-negatives-only,nomenklatura/er-unstable,negative:similar-string,fpr,1365,0.0132,18,False
hard-negatives-only,nomenklatura/er-unstable,patronymic:russified,fpr,166,0.0,0,False
hard-negatives-only,embedding/LaBSE,corruption:mixed-script-homoglyph,recall,52,0.1538,44,False
hard-negatives-only,embedding/LaBSE,gender:feminine-form,recall,1,0.0,1,True
hard-negatives-only,embedding/LaBSE,gender:stripped,recall,1,0.0,1,True
hard-negatives-only,embedding/LaBSE,given:diminutive,recall,1,0.0,1,True
hard-negatives-only,embedding/LaBSE,given:exonym,recall,21,0.9048,2,False
hard-negatives-only,embedding/LaBSE,kazakh:cyrillic-latin,recall,157,0.5096,77,False
hard-negatives-only,embedding/LaBSE,legal-form,recall,530,0.1075,473,False
hard-negatives-only,embedding/LaBSE,order:swapped,recall,24,0.0417,23,False
hard-negatives-only,embedding/LaBSE,patronymic:abbreviated,recall,139,0.1295,121,False
hard-negatives-only,embedding/LaBSE,patronymic:dropped,recall,353,0.272,257,False
hard-negatives-only,embedding/LaBSE,patronymic:form-substituted,recall,105,0.6381,38,False
hard-negatives-only,embedding/LaBSE,patronymic:russified,recall,846,0.5508,380,False
hard-negatives-only,embedding/LaBSE,patronymic:turkic,recall,131,0.1985,105,False
hard-negatives-only,embedding/LaBSE,romanisation:ad-hoc,recall,582,0.4278,333,False
hard-negatives-only,embedding/LaBSE,romanisation:ala-lc,recall,16,0.8125,3,False
hard-negatives-only,embedding/LaBSE,romanisation:be-bgn,recall,29,0.4138,17,False
hard-negatives-only,embedding/LaBSE,romanisation:be-latin-ascii,recall,21,0.2857,15,False
hard-negatives-only,embedding/LaBSE,romanisation:bgn,recall,366,0.459,198,False
hard-negatives-only,embedding/LaBSE,romanisation:diacritics-stripped,recall,150,0.6,60,False
hard-negatives-only,embedding/LaBSE,romanisation:gost-b,recall,21,0.5714,9,False
hard-negatives-only,embedding/LaBSE,romanisation:icao,recall,128,0.4766,67,False
hard-negatives-only,embedding/LaBSE,romanisation:iso9,recall,51,0.3725,32,False
hard-negatives-only,embedding/LaBSE,romanisation:kk-latin2021,recall,5,0.0,5,True
hard-negatives-only,embedding/LaBSE,romanisation:ru-mediated,recall,95,0.5579,42,False
hard-negatives-only,embedding/LaBSE,romanisation:scholarly,recall,19,0.7368,5,False
hard-negatives-only,embedding/LaBSE,romanisation:tg-bgn,recall,31,0.6452,11,False
hard-negatives-only,embedding/LaBSE,romanisation:uk-kmu55,recall,63,0.3016,44,False
hard-negatives-only,embedding/LaBSE,romanisation:unattributed-variant,recall,550,0.3727,345,False
hard-negatives-only,embedding/LaBSE,romanisation:uz-latin1995,recall,121,0.843,19,False
hard-negatives-only,embedding/LaBSE,script:same,recall,550,0.3727,345,False
hard-negatives-only,embedding/LaBSE,synthetic,recall,745,0.5772,315,False
hard-negatives-only,embedding/LaBSE,token:abbreviated,recall,5,0.0,5,True
hard-negatives-only,embedding/LaBSE,token:dropped,recall,633,0.1043,567,False
hard-negatives-only,embedding/LaBSE,token:unaligned,recall,383,0.1305,333,False
hard-negatives-only,embedding/LaBSE,uzbek:apostrophe,recall,83,0.7831,18,False
hard-negatives-only,embedding/LaBSE,gender:feminine-form,fpr,380,0.0,0,False
hard-negatives-only,embedding/LaBSE,negative:gender-pair,fpr,380,0.0,0,False
hard-negatives-only,embedding/LaBSE,negative:patronymic-collision,fpr,166,0.012,2,False
hard-negatives-only,embedding/LaBSE,negative:romanisation-collision,fpr,341,0.0059,2,False
hard-negatives-only,embedding/LaBSE,negative:same-surname,fpr,650,0.0015,1,False
hard-negatives-only,embedding/LaBSE,negative:similar-string,fpr,1365,0.0125,17,False
hard-negatives-only,embedding/LaBSE,patronymic:russified,fpr,166,0.012,2,False
hard-negatives-only,embedding/multilingual-e5-base,corruption:mixed-script-homoglyph,recall,52,0.0577,49,False
hard-negatives-only,embedding/multilingual-e5-base,gender:feminine-form,recall,1,0.0,1,True
hard-negatives-only,embedding/multilingual-e5-base,gender:stripped,recall,1,0.0,1,True
hard-negatives-only,embedding/multilingual-e5-base,given:diminutive,recall,1,0.0,1,True
hard-negatives-only,embedding/multilingual-e5-base,given:exonym,recall,21,0.1429,18,False
hard-negatives-only,embedding/multilingual-e5-base,kazakh:cyrillic-latin,recall,157,0.2866,112,False
hard-negatives-only,embedding/multilingual-e5-base,legal-form,recall,530,0.1245,464,False
hard-negatives-only,embedding/multilingual-e5-base,order:swapped,recall,24,0.125,21,False
hard-negatives-only,embedding/multilingual-e5-base,patronymic:abbreviated,recall,139,0.0863,127,False
hard-negatives-only,embedding/multilingual-e5-base,patronymic:dropped,recall,353,0.238,269,False
hard-negatives-only,embedding/multilingual-e5-base,patronymic:form-substituted,recall,105,0.181,86,False
hard-negatives-only,embedding/multilingual-e5-base,patronymic:russified,recall,846,0.3416,557,False
hard-negatives-only,embedding/multilingual-e5-base,patronymic:turkic,recall,131,0.1069,117,False
hard-negatives-only,embedding/multilingual-e5-base,romanisation:ad-hoc,recall,582,0.1271,508,False
hard-negatives-only,embedding/multilingual-e5-base,romanisation:ala-lc,recall,16,0.25,12,False
hard-negatives-only,embedding/multilingual-e5-base,romanisation:be-bgn,recall,29,0.2759,21,False
hard-negatives-only,embedding/multilingual-e5-base,romanisation:be-latin-ascii,recall,21,0.2381,16,False
hard-negatives-only,embedding/multilingual-e5-base,romanisation:bgn,recall,366,0.1858,298,False
hard-negatives-only,embedding/multilingual-e5-base,romanisation:diacritics-stripped,recall,150,0.1867,122,False
hard-negatives-only,embedding/multilingual-e5-base,romanisation:gost-b,recall,21,0.2857,15,False
hard-negatives-only,embedding/multilingual-e5-base,romanisation:icao,recall,128,0.1406,110,False
hard-negatives-only,embedding/multilingual-e5-base,romanisation:iso9,recall,51,0.451,28,False
hard-negatives-only,embedding/multilingual-e5-base,romanisation:kk-latin2021,recall,5,0.2,4,True
hard-negatives-only,embedding/multilingual-e5-base,romanisation:ru-mediated,recall,95,0.1579,80,False
hard-negatives-only,embedding/multilingual-e5-base,romanisation:scholarly,recall,19,0.3684,12,False
hard-negatives-only,embedding/multilingual-e5-base,romanisation:tg-bgn,recall,31,0.2581,23,False
hard-negatives-only,embedding/multilingual-e5-base,romanisation:uk-kmu55,recall,63,0.0635,59,False
hard-negatives-only,embedding/multilingual-e5-base,romanisation:unattributed-variant,recall,550,0.5073,271,False
hard-negatives-only,embedding/multilingual-e5-base,romanisation:uz-latin1995,recall,121,0.5124,59,False
hard-negatives-only,embedding/multilingual-e5-base,script:same,recall,550,0.5073,271,False
hard-negatives-only,embedding/multilingual-e5-base,synthetic,recall,745,0.2859,532,False
hard-negatives-only,embedding/multilingual-e5-base,token:abbreviated,recall,5,0.2,4,True
hard-negatives-only,embedding/multilingual-e5-base,token:dropped,recall,633,0.09,576,False
hard-negatives-only,embedding/multilingual-e5-base,token:unaligned,recall,383,0.0261,373,False
hard-negatives-only,embedding/multilingual-e5-base,uzbek:apostrophe,recall,83,0.4337,47,False
hard-negatives-only,embedding/multilingual-e5-base,gender:feminine-form,fpr,380,0.0132,5,False
hard-negatives-only,embedding/multilingual-e5-base,negative:gender-pair,fpr,380,0.0132,5,False
hard-negatives-only,embedding/multilingual-e5-base,negative:patronymic-collision,fpr,166,0.0,0,False
hard-negatives-only,embedding/multilingual-e5-base,negative:romanisation-collision,fpr,341,0.0117,4,False
hard-negatives-only,embedding/multilingual-e5-base,negative:same-surname,fpr,650,0.0046,3,False
hard-negatives-only,embedding/multilingual-e5-base,negative:similar-string,fpr,1365,0.0103,14,False
hard-negatives-only,embedding/multilingual-e5-base,patronymic:russified,fpr,166,0.0,0,False
hard-negatives-only,llm-judge/claude-sonnet-5,corruption:mixed-script-homoglyph,recall,52,0.9808,1,False
hard-negatives-only,llm-judge/claude-sonnet-5,gender:feminine-form,recall,1,1.0,0,True
hard-negatives-only,llm-judge/claude-sonnet-5,gender:stripped,recall,1,1.0,0,True
hard-negatives-only,llm-judge/claude-sonnet-5,given:diminutive,recall,1,1.0,0,True
hard-negatives-only,llm-judge/claude-sonnet-5,given:exonym,recall,21,0.9524,1,False
hard-negatives-only,llm-judge/claude-sonnet-5,kazakh:cyrillic-latin,recall,157,0.9809,3,False
hard-negatives-only,llm-judge/claude-sonnet-5,legal-form,recall,530,0.9321,36,False
hard-negatives-only,llm-judge/claude-sonnet-5,order:swapped,recall,24,0.9167,2,False
hard-negatives-only,llm-judge/claude-sonnet-5,patronymic:abbreviated,recall,139,0.9784,3,False
hard-negatives-only,llm-judge/claude-sonnet-5,patronymic:dropped,recall,353,0.9433,20,False
hard-negatives-only,llm-judge/claude-sonnet-5,patronymic:form-substituted,recall,105,0.981,2,False
hard-negatives-only,llm-judge/claude-sonnet-5,patronymic:russified,recall,846,0.9657,29,False
hard-negatives-only,llm-judge/claude-sonnet-5,patronymic:turkic,recall,131,0.9771,3,False
hard-negatives-only,llm-judge/claude-sonnet-5,romanisation:ad-hoc,recall,582,0.9759,14,False
hard-negatives-only,llm-judge/claude-sonnet-5,romanisation:ala-lc,recall,16,1.0,0,False
hard-negatives-only,llm-judge/claude-sonnet-5,romanisation:be-bgn,recall,29,1.0,0,False
hard-negatives-only,llm-judge/claude-sonnet-5,romanisation:be-latin-ascii,recall,21,1.0,0,False
hard-negatives-only,llm-judge/claude-sonnet-5,romanisation:bgn,recall,366,0.9781,8,False
hard-negatives-only,llm-judge/claude-sonnet-5,romanisation:diacritics-stripped,recall,150,0.9667,5,False
hard-negatives-only,llm-judge/claude-sonnet-5,romanisation:gost-b,recall,21,1.0,0,False
hard-negatives-only,llm-judge/claude-sonnet-5,romanisation:icao,recall,128,0.9922,1,False
hard-negatives-only,llm-judge/claude-sonnet-5,romanisation:iso9,recall,51,0.9804,1,False
hard-negatives-only,llm-judge/claude-sonnet-5,romanisation:kk-latin2021,recall,5,1.0,0,True
hard-negatives-only,llm-judge/claude-sonnet-5,romanisation:ru-mediated,recall,95,0.9579,4,False
hard-negatives-only,llm-judge/claude-sonnet-5,romanisation:scholarly,recall,19,1.0,0,False
hard-negatives-only,llm-judge/claude-sonnet-5,romanisation:tg-bgn,recall,31,1.0,0,False
hard-negatives-only,llm-judge/claude-sonnet-5,romanisation:uk-kmu55,recall,63,1.0,0,False
hard-negatives-only,llm-judge/claude-sonnet-5,romanisation:unattributed-variant,recall,550,0.9018,54,False
hard-negatives-only,llm-judge/claude-sonnet-5,romanisation:uz-latin1995,recall,121,1.0,0,False
hard-negatives-only,llm-judge/claude-sonnet-5,script:same,recall,550,0.9018,54,False
hard-negatives-only,llm-judge/claude-sonnet-5,synthetic,recall,745,0.9987,1,False
hard-negatives-only,llm-judge/claude-sonnet-5,token:abbreviated,recall,5,1.0,0,True
hard-negatives-only,llm-judge/claude-sonnet-5,token:dropped,recall,633,0.9194,51,False
hard-negatives-only,llm-judge/claude-sonnet-5,token:unaligned,recall,383,0.9321,26,False
hard-negatives-only,llm-judge/claude-sonnet-5,uzbek:apostrophe,recall,83,1.0,0,False
hard-negatives-only,llm-judge/claude-sonnet-5,gender:feminine-form,fpr,380,0.0,0,False
hard-negatives-only,llm-judge/claude-sonnet-5,negative:gender-pair,fpr,380,0.0,0,False
hard-negatives-only,llm-judge/claude-sonnet-5,negative:patronymic-collision,fpr,166,0.0,0,False
hard-negatives-only,llm-judge/claude-sonnet-5,negative:romanisation-collision,fpr,341,0.0147,5,False
hard-negatives-only,llm-judge/claude-sonnet-5,negative:same-surname,fpr,650,0.0062,4,False
hard-negatives-only,llm-judge/claude-sonnet-5,negative:similar-string,fpr,1365,0.0125,17,False
hard-negatives-only,llm-judge/claude-sonnet-5,patronymic:russified,fpr,166,0.0,0,False
hard-negatives-only,llm-judge/claude-opus-5,corruption:mixed-script-homoglyph,recall,52,0.9808,1,False
hard-negatives-only,llm-judge/claude-opus-5,gender:feminine-form,recall,1,1.0,0,True
hard-negatives-only,llm-judge/claude-opus-5,gender:stripped,recall,1,1.0,0,True
hard-negatives-only,llm-judge/claude-opus-5,given:diminutive,recall,1,1.0,0,True
hard-negatives-only,llm-judge/claude-opus-5,given:exonym,recall,21,1.0,0,False
hard-negatives-only,llm-judge/claude-opus-5,kazakh:cyrillic-latin,recall,157,0.9936,1,False
hard-negatives-only,llm-judge/claude-opus-5,legal-form,recall,530,0.9585,22,False
hard-negatives-only,llm-judge/claude-opus-5,order:swapped,recall,24,1.0,0,False
hard-negatives-only,llm-judge/claude-opus-5,patronymic:abbreviated,recall,139,0.9928,1,False
hard-negatives-only,llm-judge/claude-opus-5,patronymic:dropped,recall,353,0.983,6,False
hard-negatives-only,llm-judge/claude-opus-5,patronymic:form-substituted,recall,105,0.9905,1,False
hard-negatives-only,llm-judge/claude-opus-5,patronymic:russified,recall,846,0.9811,16,False
hard-negatives-only,llm-judge/claude-opus-5,patronymic:turkic,recall,131,0.9924,1,False
hard-negatives-only,llm-judge/claude-opus-5,romanisation:ad-hoc,recall,582,0.988,7,False
hard-negatives-only,llm-judge/claude-opus-5,romanisation:ala-lc,recall,16,1.0,0,False
hard-negatives-only,llm-judge/claude-opus-5,romanisation:be-bgn,recall,29,1.0,0,False
hard-negatives-only,llm-judge/claude-opus-5,romanisation:be-latin-ascii,recall,21,1.0,0,False
hard-negatives-only,llm-judge/claude-opus-5,romanisation:bgn,recall,366,0.9891,4,False
hard-negatives-only,llm-judge/claude-opus-5,romanisation:diacritics-stripped,recall,150,0.9867,2,False
hard-negatives-only,llm-judge/claude-opus-5,romanisation:gost-b,recall,21,1.0,0,False
hard-negatives-only,llm-judge/claude-opus-5,romanisation:icao,recall,128,0.9844,2,False
hard-negatives-only,llm-judge/claude-opus-5,romanisation:iso9,recall,51,1.0,0,False
hard-negatives-only,llm-judge/claude-opus-5,romanisation:kk-latin2021,recall,5,1.0,0,True
hard-negatives-only,llm-judge/claude-opus-5,romanisation:ru-mediated,recall,95,0.9789,2,False
hard-negatives-only,llm-judge/claude-opus-5,romanisation:scholarly,recall,19,1.0,0,False
hard-negatives-only,llm-judge/claude-opus-5,romanisation:tg-bgn,recall,31,1.0,0,False
hard-negatives-only,llm-judge/claude-opus-5,romanisation:uk-kmu55,recall,63,1.0,0,False
hard-negatives-only,llm-judge/claude-opus-5,romanisation:unattributed-variant,recall,550,0.9364,35,False
hard-negatives-only,llm-judge/claude-opus-5,romanisation:uz-latin1995,recall,121,1.0,0,False
hard-negatives-only,llm-judge/claude-opus-5,script:same,recall,550,0.9364,35,False
hard-negatives-only,llm-judge/claude-opus-5,synthetic,recall,745,0.9987,1,False
hard-negatives-only,llm-judge/claude-opus-5,token:abbreviated,recall,5,1.0,0,True
hard-negatives-only,llm-judge/claude-opus-5,token:dropped,recall,633,0.9463,34,False
hard-negatives-only,llm-judge/claude-opus-5,token:unaligned,recall,383,0.9504,19,False
hard-negatives-only,llm-judge/claude-opus-5,uzbek:apostrophe,recall,83,1.0,0,False
hard-negatives-only,llm-judge/claude-opus-5,gender:feminine-form,fpr,380,0.0,0,False
hard-negatives-only,llm-judge/claude-opus-5,negative:gender-pair,fpr,380,0.0,0,False
hard-negatives-only,llm-judge/claude-opus-5,negative:patronymic-collision,fpr,166,0.0,0,False
hard-negatives-only,llm-judge/claude-opus-5,negative:romanisation-collision,fpr,341,0.0235,8,False
hard-negatives-only,llm-judge/claude-opus-5,negative:same-surname,fpr,650,0.0092,6,False
hard-negatives-only,llm-judge/claude-opus-5,negative:similar-string,fpr,1365,0.0132,18,False
hard-negatives-only,llm-judge/claude-opus-5,patronymic:russified,fpr,166,0.0,0,False
